id,zipcode,name,country_id/id
1,9420,Aaigem,base.be
2,8511,Aalbeke,base.be
3,9300,Aalst,base.be
4,3800,Aalst (Limb.),base.be
5,9880,Aalter,base.be
6,3200,Aarschot,base.be
7,8700,Aarsele,base.be
8,8211,Aartrijke,base.be
9,2630,Aartselaar,base.be
10,4557,Abée,base.be
11,4280,Abolens,base.be
12,3930,Achel,base.be
13,5590,Achêne,base.be
14,5362,Achet,base.be
15,4219,Acosse,base.be
16,6280,Acoz,base.be
17,9991,Adegem,base.be
18,8660,Adinkerke,base.be
19,1790,Affligem,base.be
20,9051,Afsnee,base.be
21,5544,Agimont,base.be
22,4317,Aineffe,base.be
23,5310,Aische-en-Refail,base.be
24,6250,Aiseau,base.be
25,6250,Aiseau-Presles,base.be
26,5070,Aisemont,base.be
27,3570,Alken,base.be
28,5550,Alle,base.be
29,4432,Alleur,base.be
30,1652,Alsemberg,base.be
31,8690,Alveringem,base.be
32,4540,Amay,base.be
33,6680,Amberloup,base.be
34,4770,Amblève,base.be
35,6953,Ambly,base.be
36,4219,Ambresin,base.be
37,4770,Amel,base.be
38,6997,Amonines,base.be
39,7750,Amougies,base.be
40,4540,Ampsin,base.be
41,5300,Andenne,base.be
42,1070,Anderlecht,base.be
43,6150,Anderlues,base.be
44,4821,Andrimont,base.be
45,4031,Angleur,base.be
46,7387,Angre,base.be
47,7387,Angreau,base.be
48,5537,Anhée,base.be
49,6721,Anlier,base.be
50,6890,Anloy,base.be
51,5537,Annevoie-Rouillon,base.be
52,4430,Ans,base.be
53,5500,Anseremme,base.be
54,7750,Anseroeul,base.be
55,5520,Anthée,base.be
56,4520,Antheit,base.be
57,4160,Anthisnes,base.be
58,7640,Antoing,base.be
59,2000,Antwerpen,base.be
60,2018,Antwerpen,base.be
61,2020,Antwerpen,base.be
62,2030,Antwerpen,base.be
63,2040,Antwerpen,base.be
64,2050,Antwerpen,base.be
65,2060,Antwerpen,base.be
66,7910,Anvaing,base.be
67,8570,Anzegem,base.be
68,9200,Appels,base.be
69,9400,Appelterre-Eichem,base.be
70,7811,Arbre (Ht.),base.be
71,5170,Arbre (Nam.),base.be
72,4990,Arbrefontaine,base.be
73,7910,Arc-Ainières,base.be
74,1390,Archennes,base.be
75,7910,Arc-Wattripont,base.be
76,8850,Ardooie,base.be
77,2370,Arendonk,base.be
78,4601,Argenteau,base.be
79,6700,Arlon,base.be
80,7181,Arquennes,base.be
81,5060,Arsimont,base.be
82,6870,Arville,base.be
83,3665,As,base.be
84,9404,Aspelare,base.be
85,9890,Asper,base.be
86,7040,Asquillies,base.be
87,1730,Asse,base.be
88,8310,Assebroek,base.be
89,9960,Assenede,base.be
90,6860,Assenois,base.be
91,3460,Assent,base.be
92,5330,Assesse,base.be
93,9800,Astene,base.be
94,7800,Ath,base.be
95,7387,Athis,base.be
96,6791,Athus,base.be
97,3404,Attenhoven,base.be
98,3384,Attenrode,base.be
99,6717,Attert,base.be
100,7941,Attre,base.be
101,6790,Aubange,base.be
102,7972,Aubechies,base.be
103,4880,Aubel,base.be
104,5660,Aublain,base.be
105,6880,Auby-sur-Semois,base.be
106,1160,Auderghem,base.be
107,7382,Audregnies,base.be
108,7040,Aulnois,base.be
109,6706,Autelbas,base.be
110,1367,Autre-Eglise,base.be
111,7387,Autreppe,base.be
112,5060,Auvelais,base.be
113,5580,Ave-et-Auffe,base.be
114,8630,Avekapelle,base.be
115,8580,Avelgem,base.be
116,4260,Avennes,base.be
117,3271,Averbode,base.be
118,4280,Avernas-le-Bauduin,base.be
119,4280,Avin,base.be
120,4340,Awans,base.be
121,6870,Awenne,base.be
122,4400,Awirs,base.be
123,6900,Aye,base.be
124,4630,Ayeneux,base.be
125,4920,Aywaille,base.be
126,9890,Baaigem,base.be
127,3128,Baal,base.be
128,9310,Baardegem,base.be
129,2387,Baarle-Hertog,base.be
130,9200,Baasrode,base.be
131,9800,Bachte-Maria-Leerne,base.be
132,4837,Baelen (Lg.),base.be
133,5550,Bagimont,base.be
134,6464,Baileux,base.be
135,6460,Bailièvre,base.be
136,5555,Baillamont,base.be
137,7730,Bailleul,base.be
138,5377,Baillonville,base.be
139,7380,Baisieux,base.be
140,1470,Baisy-thy,base.be
141,5190,Balâtre,base.be
142,9860,Balegem,base.be
143,2490,Balen,base.be
144,9420,Bambrugge,base.be
145,6951,Bande,base.be
146,6500,Barbençon,base.be
147,4671,Barchon,base.be
148,5570,Baronville,base.be
149,7534,Barry,base.be
150,5370,Barvaux-Condroz,base.be
151,6940,Barvaux-sur-Ourthe,base.be
152,7971,Basècles,base.be
153,4520,Bas-Oha,base.be
154,4983,Basse-Bodeux,base.be
155,4690,Bassenge,base.be
156,9968,Bassevelde,base.be
157,7830,Bassilly,base.be
158,6600,Bastogne,base.be
159,7784,Bas-Warneton,base.be
160,3870,Batsheers,base.be
161,4651,Battice,base.be
162,7130,Battignies,base.be
163,7331,Baudour,base.be
164,7870,Bauffe,base.be
165,7604,Baugnies,base.be
166,1401,Baulers,base.be
167,9520,Bavegem,base.be
168,8531,Bavikhove,base.be
169,9150,Bazel,base.be
170,4052,Beaufays,base.be
171,6500,Beaumont,base.be
172,5570,Beauraing,base.be
173,6980,Beausaint,base.be
174,1320,Beauvechain,base.be
175,6594,Beauwelz,base.be
176,7532,Beclers,base.be
177,3960,Beek,base.be
178,9630,Beerlegem,base.be
179,8730,Beernem,base.be
180,2340,Beerse,base.be
181,1650,Beersel,base.be
182,8600,Beerst,base.be
183,1673,Beert,base.be
184,9080,Beervelde,base.be
185,2580,Beerzel,base.be
186,5000,Beez,base.be
187,6987,Beffe,base.be
188,3130,Begijnendijk,base.be
189,6672,Beho,base.be
190,1852,Beigem,base.be
191,8480,Bekegem,base.be
192,1730,Bekkerzeel,base.be
193,3460,Bekkevoort,base.be
194,5001,Belgrade,base.be
195,4610,Bellaire,base.be
196,7170,Bellecourt,base.be
197,6730,Bellefontaine (Lux.),base.be
198,5555,Bellefontaine (Nam.),base.be
199,8510,Bellegem,base.be
200,9881,Bellem,base.be
201,6834,Bellevaux,base.be
202,4960,Bellevaux-Ligneuville,base.be
203,1674,Bellingen,base.be
204,7970,Beloeil,base.be
205,9111,Belsele,base.be
206,4500,Ben-Ahin,base.be
207,6941,Bende,base.be
208,3540,Berbroek,base.be
209,2600,Berchem (Antwerpen),base.be
210,9690,Berchem (O.-Vl.),base.be
211,1082,Berchem-Sainte-Agathe,base.be
212,2040,Berendrecht,base.be
213,1910,Berg (Bt.),base.be
214,3700,Berg (Limb.),base.be
215,4360,Bergilers,base.be
216,3580,Beringen,base.be
217,2590,Berlaar,base.be
218,9290,Berlare,base.be
219,3830,Berlingen,base.be
220,4257,Berloz,base.be
221,4607,Berneau,base.be
222,7320,Bernissart,base.be
223,6560,Bersillies-l'Abbaye,base.be
224,3060,Bertem,base.be
225,6687,Bertogne,base.be
226,4280,Bertrée,base.be
227,6880,Bertrix,base.be
228,5651,Berzée,base.be
229,8980,Beselare,base.be
230,3130,Betekom,base.be
231,4300,Bettincourt,base.be
232,5030,Beuzet,base.be
233,2560,Bevel,base.be
234,1547,Bever,base.be
235,4960,Bevercé,base.be
236,9700,Bevere,base.be
237,8791,Beveren (Leie),base.be
238,8800,Beveren (Roeselare),base.be
239,8691,Beveren-aan-den-Ijzer,base.be
240,9120,Beveren-Waas,base.be
241,3581,Beverlo,base.be
242,3740,Beverst,base.be
243,4610,Beyne-Heusay,base.be
244,6543,Bienne-lez-Happart,base.be
245,3360,Bierbeek,base.be
246,6533,Biercée,base.be
247,1301,Bierges,base.be
248,1430,Bierghes,base.be
249,4460,Bierset,base.be
250,5380,Bierwart,base.be
251,5640,Biesme,base.be
252,5640,Biesmerée,base.be
253,6531,Biesme-sous-Thuin,base.be
254,1547,Biévène,base.be
255,5555,Bièvre,base.be
256,1390,Biez,base.be
257,6690,Bihain,base.be
258,8920,Bikschote,base.be
259,4831,Bilstain,base.be
260,3740,Bilzen,base.be
261,7130,Binche,base.be
262,3850,Binderveld,base.be
263,3211,Binkom,base.be
264,5537,Bioul,base.be
265,8501,Bissegem,base.be
266,7783,Bizet,base.be
267,2830,Blaasveld,base.be
268,5542,Blaimont,base.be
269,7522,Blandain,base.be
270,3052,Blanden,base.be
271,8370,Blankenberge,base.be
272,7040,Blaregnies,base.be
273,7321,Blaton,base.be
274,7370,Blaugies,base.be
275,4670,Blégny,base.be
276,7620,Bléharies,base.be
277,4280,Blehen,base.be
278,6760,Bleid,base.be
279,4300,Bleret,base.be
280,7903,Blicquy,base.be
281,3950,Bocholt,base.be
282,2530,Boechout,base.be
283,3890,Boekhout,base.be
284,9961,Boekhoute,base.be
285,4250,Boëlhe,base.be
286,8904,Boezinge,base.be
287,1670,Bogaarden,base.be
288,5550,Bohan,base.be
289,5140,Boignée,base.be
290,4690,Boirs,base.be
291,7866,Bois-de-Lessines,base.be
292,5170,Bois-de-Villers,base.be
293,7170,Bois-d'Haine,base.be
294,4560,Bois-et-Borsu,base.be
295,5310,Bolinne,base.be
296,4653,Bolland,base.be
297,1367,Bomal (Bt.),base.be
298,6941,Bomal-sur-Ourthe,base.be
299,4607,Bombaye,base.be
300,3840,Bommershoven,base.be
301,4100,Boncelles,base.be
302,5310,Boneffe,base.be
303,2820,Bonheiden,base.be
304,5021,Boninne,base.be
305,1325,Bonlez,base.be
306,6700,Bonnert,base.be
307,5300,Bonneville,base.be
308,7603,Bon-Secours,base.be
309,5377,Bonsin,base.be
310,2221,Booischot,base.be
311,8630,Booitshoeke,base.be
312,2850,Boom,base.be
313,3631,Boorsem,base.be
314,3190,Boortmeerbeek,base.be
315,1761,Borchtlombeek,base.be
316,2140,Borgerhout (Antwerpen),base.be
317,3840,Borgloon,base.be
318,4317,Borlez,base.be
319,3891,Borlo,base.be
320,6941,Borlon,base.be
321,2880,Bornem,base.be
322,1404,Bornival,base.be
323,2150,Borsbeek (Antw.),base.be
324,9552,Borsbeke,base.be
325,5032,Bossière,base.be
326,8583,Bossuit,base.be
327,1390,Bossut-Gottechain,base.be
328,3300,Bost,base.be
329,5032,Bothey,base.be
330,9820,Bottelare,base.be
331,6200,Bouffioulx,base.be
332,5004,Bouge,base.be
333,7040,Bougnies,base.be
334,6830,Bouillon,base.be
335,6464,Bourlers,base.be
336,5575,Bourseigne-Neuve,base.be
337,5575,Bourseigne-Vieille,base.be
338,7110,Boussoit,base.be
339,7300,Boussu,base.be
340,5660,Boussu-en-Fagne,base.be
341,6440,Boussu-lez-Walcourt,base.be
342,1470,Bousval,base.be
343,3370,Boutersem,base.be
344,5500,Bouvignes-sur-Meuse,base.be
345,7803,Bouvignies,base.be
346,2288,Bouwel,base.be
347,8680,Bovekerke,base.be
348,3870,Bovelingen,base.be
349,4300,Bovenistier,base.be
350,5081,Bovesse,base.be
351,6671,Bovigny,base.be
352,4990,Bra,base.be
353,7604,Braffe,base.be
354,5590,Braibant,base.be
355,1420,Braine-l'Alleud,base.be
356,1440,Braine-le-Château,base.be
357,7090,Braine-le-Comte,base.be
358,4260,Braives,base.be
359,9660,Brakel,base.be
360,5310,Branchon,base.be
361,6800,Bras,base.be
362,7604,Brasmenil,base.be
363,2930,Brasschaat,base.be
364,7130,Bray,base.be
365,2960,Brecht,base.be
366,8450,Bredene,base.be
367,3960,Bree,base.be
368,2870,Breendonk,base.be
369,4020,Bressoux,base.be
370,8900,Brielen,base.be
371,2520,Broechem,base.be
372,3840,Broekom,base.be
373,1931,Brucargo,base.be
374,7940,Brugelette,base.be
375,8000,Brugge,base.be
376,5660,Brûly,base.be
377,5660,Brûly-de-Pesche,base.be
378,7620,Brunehaut,base.be
379,1785,Brussegem,base.be
399,3800,Brustem,base.be
400,1000,Bruxelles,base.be
401,1120,Bruxelles,base.be
402,1130,Bruxelles,base.be
403,1140,Bruxelles,base.be
404,1150,Bruxelles,base.be
405,1160,Bruxelles,base.be
406,1170,Bruxelles,base.be
407,1180,Bruxelles,base.be
408,1190,Bruxelles,base.be
409,1020,Bruxelles,base.be
410,1200,Bruxelles,base.be
411,1210,Bruxelles,base.be
412,1030,Bruxelles,base.be
413,1040,Bruxelles,base.be
414,1050,Bruxelles,base.be
415,1060,Bruxelles,base.be
416,1070,Bruxelles,base.be
417,1080,Bruxelles,base.be
418,1090,Bruxelles,base.be
419,7641,Bruyelle,base.be
420,6222,Brye,base.be
421,3440,Budingen,base.be
422,9255,Buggenhout,base.be
423,7911,Buissenal,base.be
424,5580,Buissonville,base.be
425,1501,Buizingen,base.be
426,1910,Buken,base.be
427,4760,Bullange,base.be
428,4760,Büllingen,base.be
429,8630,Bulskamp,base.be
430,3380,Bunsbeek,base.be
431,2070,Burcht,base.be
432,4210,Burdinne,base.be
433,6927,Bure,base.be
434,4790,Burg-Reuland,base.be
435,9420,Burst,base.be
436,7602,Bury,base.be
437,4750,Butgenbach,base.be
438,4750,Bütgenbach,base.be
439,3891,Buvingen,base.be
440,7133,Buvrinnes,base.be
441,6743,Buzenol,base.be
442,6230,Buzet,base.be
443,7604,Callenelle,base.be
444,7642,Calonne,base.be
445,7940,Cambron-Casteau,base.be
446,7870,Cambron-Saint-Vincent,base.be
447,6850,Carlsbourg,base.be
448,7141,Carnières,base.be
449,7020,Casteau (Mons),base.be
450,7061,Casteau (Soignies),base.be
451,5650,Castillon,base.be
452,7760,Celles (Ht.),base.be
453,4317,Celles (Lg.),base.be
454,5561,Celles (Nam.),base.be
455,4632,Cerexhe-Heuseux,base.be
456,5630,Cerfontaine,base.be
457,1341,Céroux-Mousty,base.be
458,7063,Ch.-Notre-Dame-Louvignies,base.be
459,4650,Chaineux,base.be
460,5550,Chairière,base.be
461,5020,Champion,base.be
462,6971,Champlon,base.be
463,6921,Chanly,base.be
464,6742,Chantemelle,base.be
465,7903,Chapelle-à-Oie,base.be
466,7903,Chapelle-à-Wattines,base.be
467,7160,Chapelle-lez-Herlaimont,base.be
468,4537,Chapon-Seraing,base.be
469,6000,Charleroi,base.be
470,4654,Charneux,base.be
471,6824,Chassepierre,base.be
472,1450,Chastre,base.be
473,5650,Chastrès,base.be
474,1450,Chastre-Villeroux-Blanmont,base.be
475,6200,Châtelet,base.be
476,6200,Châtelineau,base.be
477,6747,Châtillon,base.be
478,4050,Chaudfontaine,base.be
479,1325,Chaumont-Gistoux,base.be
480,4032,Chênée,base.be
481,6673,Cherain,base.be
482,4602,Cheratte,base.be
483,7521,Chercq,base.be
484,5590,Chevetogne,base.be
485,4987,Chevron,base.be
486,7950,Chièvres,base.be
487,6460,Chimay,base.be
488,6810,Chiny,base.be
489,4400,Chokier,base.be
490,5560,Ciergnon,base.be
491,5590,Ciney,base.be
492,4260,Ciplet,base.be
493,7024,Ciply,base.be
494,1480,Clabecq,base.be
495,4560,Clavier,base.be
496,4890,Clermont (Lg.),base.be
497,5650,Clermont (Nam.),base.be
498,4480,Clermont-sous-Huy,base.be
499,5022,Cognelée,base.be
500,7340,Colfontaine,base.be
501,4170,Comblain-au-Pont,base.be
502,4180,Comblain-Fairon,base.be
503,4180,Comblain-la-Tour,base.be
504,7780,Comines,base.be
505,7780,Comines-Warneton,base.be
506,5590,Conneux,base.be
507,1435,Corbais,base.be
508,6838,Corbion,base.be
509,7910,Cordes,base.be
510,5620,Corenne,base.be
511,4860,Cornesse,base.be
512,5555,Cornimont,base.be
513,5032,Corroy-le-Château,base.be
514,1325,Corroy-le-Grand,base.be
515,4257,Corswarem,base.be
516,1450,Cortil-Noirmont,base.be
517,5380,Cortil-Wodon,base.be
518,6010,Couillet,base.be
519,6180,Courcelles,base.be
520,5336,Courrière,base.be
521,6120,Cour-sur-Heure,base.be
522,1490,Court-Saint-Etienne,base.be
523,4218,Couthuin,base.be
524,5300,Coutisse,base.be
525,1380,Couture-Saint-Germain,base.be
526,5660,Couvin,base.be
527,4280,Cras-Avernas,base.be
528,4280,Crehen,base.be
529,4367,Crisnée,base.be
530,7120,Croix-lez-Rouveroy,base.be
531,4784,Crombach,base.be
532,5332,Crupet,base.be
533,7033,Cuesmes,base.be
534,6880,Cugnon,base.be
535,5660,Cul-des-Sarts,base.be
536,5562,Custinne,base.be
537,8890,Dadizele,base.be
538,5660,Dailly,base.be
539,9160,Daknam,base.be
540,4607,Dalhem,base.be
541,8340,Damme,base.be
542,6767,Dampicourt,base.be
543,6020,Dampremy,base.be
544,4253,Darion,base.be
545,5630,Daussois,base.be
546,5020,Daussoulx,base.be
547,5100,Dave,base.be
548,6929,Daverdisse,base.be
549,8420,De Haan,base.be
550,9170,De Klinge,base.be
551,8630,De Moeren,base.be
552,8660,De Panne,base.be
553,9840,De Pinte,base.be
554,8540,Deerlijk,base.be
555,9570,Deftinge,base.be
556,9800,Deinze,base.be
557,9280,Denderbelle,base.be
558,9450,Denderhoutem,base.be
559,9470,Denderleeuw,base.be
560,9200,Dendermonde,base.be
561,9400,Denderwindeke,base.be
562,5537,Denée,base.be
563,8720,Dentergem,base.be
564,7912,Dergneau,base.be
565,2480,Dessel,base.be
566,8792,Desselgem,base.be
567,9070,Destelbergen,base.be
568,9831,Deurle,base.be
569,2100,Deurne (Antwerpen),base.be
570,3290,Deurne (Bt.),base.be
571,7864,Deux-Acren,base.be
572,5310,Dhuy,base.be
573,1831,Diegem,base.be
574,3590,Diepenbeek,base.be
575,3290,Diest,base.be
576,3700,Diets-Heur,base.be
577,8900,Dikkebus,base.be
578,9630,Dikkele,base.be
579,9890,Dikkelvenne,base.be
580,8600,Diksmuide,base.be
581,1700,Dilbeek,base.be
582,3650,Dilsen,base.be
583,5500,Dinant,base.be
584,5570,Dion,base.be
585,1325,Dion-Valmont,base.be
586,4820,Dison,base.be
587,6960,Dochamps,base.be
588,9130,Doel,base.be
589,6836,Dohan,base.be
590,5680,Doische,base.be
591,4140,Dolembreux,base.be
592,4357,Donceel,base.be
593,1370,Dongelberg,base.be
594,3540,Donk,base.be
595,6536,Donstiennes,base.be
596,5530,Dorinne,base.be
597,3440,Dormaal,base.be
598,7711,Dottenijs,base.be
599,7711,Dottignies,base.be
600,7370,Dour,base.be
601,5670,Dourbes,base.be
602,8951,Dranouter,base.be
603,5500,Dréhance,base.be
604,8600,Driekapellen,base.be
605,3350,Drieslinter,base.be
606,1620,Drogenbos,base.be
607,9031,Drongen,base.be
608,8380,Dudzele,base.be
609,2570,Duffel,base.be
610,3080,Duisburg,base.be
611,3803,Duras,base.be
612,6940,Durbuy,base.be
613,5530,Durnal,base.be
614,1653,Dworp,base.be
615,4690,Eben-Emael,base.be
616,6860,Ebly,base.be
617,7190,Ecaussinnes,base.be
618,7190,Ecaussinnes-d'Enghien,base.be
619,7191,Ecaussinnes-Lalaing,base.be
620,2650,Edegem,base.be
621,9700,Edelare,base.be
622,7850,Edingen,base.be
623,9900,Eeklo,base.be
624,8480,Eernegem,base.be
625,8740,Egem,base.be
626,8630,Eggewaartskapelle,base.be
627,5310,Eghezée,base.be
628,4480,Ehein (Engis),base.be
629,4120,Ehein (Neupré),base.be
630,3740,Eigenbilzen,base.be
631,2430,Eindhout,base.be
632,9700,Eine,base.be
633,3630,Eisden,base.be
634,9810,Eke,base.be
635,2180,Ekeren (Antwerpen),base.be
636,9160,Eksaarde,base.be
637,3941,Eksel,base.be
638,3650,Elen,base.be
639,9620,Elene,base.be
640,1982,Elewijt,base.be
641,3400,Eliksem,base.be
642,1671,Elingen,base.be
643,4590,Ellemelle,base.be
644,7890,Ellezelles,base.be
645,7910,Ellignies-lez-Frasnes,base.be
646,7972,Ellignies-Sainte-Anne,base.be
647,3670,Ellikom,base.be
648,7370,Elouges,base.be
649,9790,Elsegem,base.be
650,4750,Elsenborn,base.be
651,1050,Elsene,base.be
652,9660,Elst,base.be
653,8906,Elverdinge,base.be
654,9140,Elversele,base.be
655,2520,Emblem,base.be
656,4053,Embourg,base.be
657,8870,Emelgem,base.be
658,5080,Emines,base.be
659,5363,Emptinne,base.be
660,9700,Ename,base.be
661,3800,Engelmanshoven,base.be
662,7850,Enghien,base.be
663,4480,Engis,base.be
664,1350,Enines,base.be
665,4800,Ensival,base.be
666,7134,Epinois,base.be
667,1980,Eppegem,base.be
668,5580,Eprave,base.be
669,7050,Erbaut,base.be
670,7050,Erbisoeul,base.be
671,7500,Ere,base.be
672,9320,Erembodegem,base.be
673,6997,Erezée,base.be
674,5644,Ermeton-sur-Biert,base.be
675,5030,Ernage,base.be
676,6972,Erneuville,base.be
677,4920,Ernonheid,base.be
678,9420,Erondegem,base.be
679,9420,Erpe,base.be
680,9420,Erpe-Mere,base.be
681,5101,Erpent,base.be
682,6441,Erpion,base.be
683,3071,Erps-kwerps,base.be
684,6560,Erquelinnes,base.be
685,7387,Erquennes,base.be
686,9940,Ertvelde,base.be
687,9620,Erwetegem,base.be
688,7760,Escanaffles,base.be
689,8600,Esen,base.be
690,4130,Esneux,base.be
691,8587,Espierres,base.be
692,8587,Espierres-Helchin,base.be
693,7502,Esplechin,base.be
694,7743,Esquelmes,base.be
695,2910,Essen,base.be
696,1790,Essene,base.be
697,7730,Estaimbourg,base.be
698,7730,Estaimpuis,base.be
699,7120,Estinnes,base.be
700,7120,Estinnes-au-Mont,base.be
701,7120,Estinnes-au-Val,base.be
702,6740,Etalle,base.be
703,6760,Ethe,base.be
704,9680,Etikhove,base.be
705,8460,Ettelgem,base.be
706,1040,Etterbeek,base.be
707,7340,Eugies (Colfontaine),base.be
708,7080,Eugies (Frameries),base.be
709,4700,Eupen,base.be
710,4631,Evegnée,base.be
711,5350,Evelette,base.be
712,9660,Everbeek,base.be
713,3078,Everberg,base.be
714,1140,Evere,base.be
715,9940,Evergem,base.be
716,7730,Evregnies,base.be
717,5530,Evrehailles,base.be
718,4731,Eynatten,base.be
719,3400,Ezemaal,base.be
720,5600,Fagnolle,base.be
721,4317,Faimes,base.be
722,5522,Falaën,base.be
723,5060,Falisolle,base.be
724,4260,Fallais,base.be
725,5500,Falmagne,base.be
726,5500,Falmignoul,base.be
727,7181,Familleureux,base.be
728,6240,Farciennes,base.be
729,5340,Faulx-les-Tombes,base.be
730,7120,Fauroeulx,base.be
731,6637,Fauvillers,base.be
732,4950,Faymonville,base.be
733,6856,Fays-les-Veneurs,base.be
734,7387,Fayt-le-Franc,base.be
735,7170,Fayt-lez-Manage,base.be
736,5570,Felenne,base.be
737,7181,Feluy,base.be
738,4607,Feneur,base.be
739,5380,Fernelmont,base.be
740,4190,Ferrières,base.be
741,5570,Feschaux,base.be
742,4347,Fexhe-le-Haut-Clocher,base.be
743,4458,Fexhe-Slins,base.be
744,4181,Filot,base.be
745,5560,Finnevaux,base.be
746,4530,Fize-Fontaine,base.be
747,4367,Fize-le-Marsal,base.be
748,6686,Flamierge,base.be
749,5620,Flavion,base.be
750,5020,Flawinne,base.be
751,4400,Flémalle,base.be
752,4400,Flémalle-Grande,base.be
753,4400,Flémalle-Haute,base.be
754,7012,Flénu,base.be
755,4620,Fléron,base.be
756,6220,Fleurus,base.be
757,7880,Flobecq,base.be
758,4540,Flône,base.be
759,5334,Florée,base.be
760,5150,Floreffe,base.be
761,5620,Florennes,base.be
762,6820,Florenville,base.be
763,5150,Floriffoux,base.be
764,5370,Flostoy,base.be
765,5572,Focant,base.be
766,1350,Folx-les-Caves,base.be
767,6140,Fontaine-l'Evêque,base.be
768,6567,Fontaine-Valmont,base.be
769,5650,Fontenelle,base.be
770,6820,Fontenoille,base.be
771,7643,Fontenoy,base.be
772,4340,Fooz,base.be
773,6141,Forchies-la-Marche,base.be
774,1190,Forest,base.be
775,7910,Forest (Ht.),base.be
776,4870,Forêt,base.be
777,6596,Forge-Philippe,base.be
778,6464,Forges,base.be
779,6953,Forrières,base.be
780,5380,Forville,base.be
781,4980,Fosse (Lg.),base.be
782,5070,Fosses-la-Ville,base.be
783,7830,Fouleng,base.be
784,6440,Fourbechies,base.be
785,3798,Fouron-le-Comte,base.be
786,3790,Fourons,base.be
787,3790,Fouron-Saint-Martin,base.be
788,3792,Fouron-Saint-Pierre,base.be
789,5504,Foy-Notre-Dame,base.be
790,4870,Fraipont,base.be
791,5650,Fraire,base.be
792,4557,Fraiture,base.be
793,7080,Frameries,base.be
794,6853,Framont,base.be
795,5600,Franchimont,base.be
796,4970,Francorchamps,base.be
797,5380,Franc-Waret,base.be
798,5150,Franière,base.be
799,5660,Frasnes (Nam.),base.be
800,7911,Frasnes-lez-Buissenal,base.be
801,6210,Frasnes-lez-Gosselies,base.be
802,4347,Freloux,base.be
803,6800,Freux,base.be
804,6440,Froidchapelle,base.be
805,5576,Froidfontaine,base.be
806,7504,Froidmont,base.be
807,6990,Fronville,base.be
808,7503,Froyennes,base.be
809,4260,Fumal,base.be
810,5500,Furfooz,base.be
811,5641,Furnaux,base.be
812,1750,Gaasbeek,base.be
813,7943,Gages,base.be
814,7906,Gallaix,base.be
815,1570,Galmaarden,base.be
816,1083,Ganshoren,base.be
817,7530,Gaurain-Ramecroix,base.be
818,9890,Gavere,base.be
819,5575,Gedinne,base.be
820,2440,Geel,base.be
821,4250,Geer,base.be
822,1367,Geest-Gérompont-Pt-Rosière,base.be
823,3450,Geetbets,base.be
824,5024,Gelbressée,base.be
825,3800,Gelinden,base.be
826,3620,Gellik,base.be
827,3200,Gelrode,base.be
828,8980,Geluveld,base.be
829,8940,Geluwe,base.be
830,6929,Gembes,base.be
831,5030,Gembloux,base.be
832,4851,Gemmenich,base.be
833,1470,Genappe,base.be
834,3600,Genk,base.be
835,7040,Genly,base.be
836,3770,Genoelselderen,base.be
837,9000,Gent,base.be
838,9050,Gentbrugge,base.be
839,1450,Gentinnes,base.be
840,1332,Genval,base.be
841,9500,Geraardsbergen,base.be
842,3960,Gerdingen,base.be
843,5524,Gerin,base.be
844,1367,Gérompont,base.be
845,6769,Gérouville,base.be
846,6280,Gerpinnes,base.be
847,2590,Gestel,base.be
848,5340,Gesves,base.be
849,7822,Ghislenghien,base.be
850,7011,Ghlin,base.be
851,7863,Ghoy,base.be
852,7823,Gibecq,base.be
853,2275,Gierle,base.be
854,8691,Gijverinkhove,base.be
855,9308,Gijzegem,base.be
856,8570,Gijzelbrechtegem,base.be
857,9860,Gijzenzele,base.be
858,6060,Gilly (Charleroi),base.be
859,5680,Gimnée,base.be
860,3890,Gingelom,base.be
861,8470,Gistel,base.be
862,8830,Gits,base.be
863,7041,Givry,base.be
864,1473,Glabais,base.be
865,3380,Glabbeek(Zuurbemde),base.be
866,4000,Glain,base.be
867,4400,Gleixhe,base.be
868,1315,Glimes,base.be
869,4690,Glons,base.be
870,5680,Gochenée,base.be
871,7160,Godarville,base.be
872,5530,Godinne,base.be
873,9620,Godveerdegem,base.be
874,4834,Goé,base.be
875,9500,Goeferdinge,base.be
876,7040,Goegnies-Chaussée,base.be
877,5353,Goesnes,base.be
878,3300,Goetsenhoven,base.be
879,4140,Gomze-Andoumont,base.be
880,7830,Gondregnies,base.be
881,5660,Gonrieux,base.be
882,9090,Gontrode,base.be
883,1755,Gooik,base.be
884,3803,Gorsem,base.be
885,3840,Gors-Opleeuw,base.be
886,6041,Gosselies,base.be
887,3840,Gotem,base.be
888,9800,Gottem,base.be
889,7070,Gottignies,base.be
890,6280,Gougnies,base.be
891,5651,Gourdinne,base.be
892,6030,Goutroux,base.be
893,6670,Gouvy,base.be
894,6181,Gouy-lez-Piéton,base.be
895,6534,Gozée,base.be
896,4460,Grâce-Berleur,base.be
897,4460,Grâce-Hollogne,base.be
898,5555,Graide,base.be
899,9800,Grammene,base.be
900,4300,Grand-Axhe,base.be
901,7973,Grandglise,base.be
902,4280,Grand-Hallet,base.be
903,6698,Grand-Halleux,base.be
904,6940,Grandhan,base.be
905,5031,Grand-Leez,base.be
906,5030,Grand-Manil,base.be
907,6960,Grandmenil,base.be
908,7900,Grandmetz,base.be
909,4650,Grand-Rechain,base.be
910,6560,Grand-Reng,base.be
911,6470,Grandrieu,base.be
912,1367,Grand-Rosière-Hottomont,base.be
913,4360,Grandville,base.be
914,6840,Grandvoir,base.be
915,6840,Grapfontaine,base.be
916,7830,Graty,base.be
917,5640,Graux,base.be
918,3450,Grazen,base.be
919,9200,Grembergen,base.be
920,1390,Grez-Doiceau,base.be
921,1850,Grimbergen,base.be
922,9506,Grimminge,base.be
923,4030,Grivegnée (Liège),base.be
924,2280,Grobbendonk,base.be
925,1702,Groot-Bijgaarden,base.be
926,3800,Groot-Gelmen,base.be
927,3840,Groot-Loon,base.be
928,7950,Grosage,base.be
929,5555,Gros-Fays,base.be
930,3990,Grote-Brogel,base.be
931,9620,Grotenberge,base.be
932,3740,Grote-Spouwen,base.be
933,3670,Gruitrode,base.be
934,6952,Grune,base.be
935,6927,Grupont,base.be
936,7620,Guignies,base.be
937,3723,Guigoven,base.be
938,6704,Guirsch,base.be
939,8560,Gullegem,base.be
940,3870,Gutschoven,base.be
941,3150,Haacht,base.be
942,9450,Haaltert,base.be
943,9120,Haasdonk,base.be
944,3053,Haasrode,base.be
945,6720,Habay,base.be
946,6720,Habay-la-Neuve,base.be
947,6723,Habay-la-Vieille,base.be
948,6782,Habergy,base.be
949,4684,Haccourt,base.be
950,6720,Hachy,base.be
951,7911,Hacquegnies,base.be
952,5351,Haillot,base.be
953,7100,Haine-Saint-Paul,base.be
954,7100,Haine-Saint-Pierre,base.be
955,7350,Hainin,base.be
956,3300,Hakendover,base.be
957,6792,Halanzy,base.be
958,3545,Halen,base.be
959,2220,Hallaar,base.be
960,1500,Halle,base.be
961,2980,Halle (Kempen),base.be
962,3440,Halle-Booienhoven,base.be
963,6986,Halleux,base.be
964,6922,Halma,base.be
965,3800,Halmaal,base.be
966,5340,Haltinne,base.be
967,3945,Ham,base.be
968,6840,Hamipré,base.be
969,1785,Hamme (Bt.),base.be
970,9220,Hamme (O.-Vl.),base.be
971,1320,Hamme-Mille,base.be
972,4180,Hamoir,base.be
973,5360,Hamois,base.be
974,3930,Hamont,base.be
975,3930,Hamont-Achel,base.be
976,6990,Hampteau,base.be
977,6120,Ham-sur-Heure,base.be
978,6120,Ham-sur-Heure/Nalinnes,base.be
979,5190,Ham-sur-Sambre,base.be
980,8610,Handzame,base.be
981,4357,Haneffe,base.be
982,4210,Hannêche,base.be
983,4280,Hannut,base.be
984,5310,Hanret,base.be
985,9850,Hansbeke,base.be
986,5580,Han-sur-Lesse,base.be
987,6560,Hantes-Wihéries,base.be
988,5621,Hanzinelle,base.be
989,5621,Hanzinne,base.be
990,7321,Harchies,base.be
991,8530,Harelbeke,base.be
992,3840,Haren (Borgloon),base.be
993,3700,Haren (Tongeren),base.be
994,6900,Hargimont,base.be
995,7022,Harmignies,base.be
996,6767,Harnoncourt,base.be
997,6960,Harre,base.be
998,6950,Harsin,base.be
999,7022,Harveng,base.be
1000,4920,Harzé,base.be
1001,3500,Hasselt,base.be
1002,5540,Hastière,base.be
1003,5540,Hastière-Lavaux,base.be
1004,5541,Hastière-par-Delà,base.be
1005,6870,Hatrival,base.be
1006,7120,Haulchin,base.be
1007,4730,Hauset,base.be
1008,6929,Haut-Fays,base.be
1009,1461,Haut-Ittre,base.be
1010,5537,Haut-le-Wastia,base.be
1011,7334,Hautrage,base.be
1012,7041,Havay,base.be
1013,5370,Havelange,base.be
1014,5590,Haversin,base.be
1015,7531,Havinnes,base.be
1016,7021,Havré,base.be
1017,3940,Hechtel,base.be
1018,5543,Heer,base.be
1019,3870,Heers,base.be
1020,3740,Hees,base.be
1021,8551,Heestert,base.be
1022,2801,Heffen,base.be
1023,1670,Heikruis,base.be
1024,2830,Heindonk,base.be
1025,6700,Heinsch,base.be
1026,8301,Heist-aan-Zee,base.be
1027,2220,Heist-Op-Den-Berg,base.be
1028,1790,Hekelgem,base.be
1029,3870,Heks,base.be
1030,8587,Helchin,base.be
1031,3530,Helchteren,base.be
1032,9450,Heldergem,base.be
1033,1357,Hélécine,base.be
1034,3440,Helen-Bos,base.be
1035,8587,Helkijn,base.be
1036,7830,Hellebecq,base.be
1037,9571,Hemelveerdegem,base.be
1038,2620,Hemiksem,base.be
1039,5380,Hemptinne (Fernelmont),base.be
1040,5620,Hemptinne-lez-Florennes,base.be
1041,3840,Hendrieken,base.be
1042,3700,Henis,base.be
1043,7090,Hennuyères,base.be
1044,4841,Henri-Chapelle,base.be
1045,7090,Henripont,base.be
1046,7350,Hensies,base.be
1047,3971,Heppen,base.be
1048,4771,Heppenbach,base.be
1049,6220,Heppignies,base.be
1050,6887,Herbeumont,base.be
1051,7050,Herchies,base.be
1052,3770,Herderen,base.be
1053,9310,Herdersem,base.be
1054,3020,Herent,base.be
1055,2200,Herentals,base.be
1056,2270,Herenthout,base.be
1057,1540,Herfelingen,base.be
1058,4728,Hergenrath,base.be
1059,7742,Hérinnes-lez-Pecq,base.be
1060,3540,Herk-de-Stad,base.be
1061,4681,Hermalle-sous-Argenteau,base.be
1062,4480,Hermalle-sous-Huy,base.be
1063,4680,Hermée,base.be
1064,5540,Hermeton-sur-Meuse,base.be
1065,1540,Herne,base.be
1066,4217,Héron,base.be
1067,7911,Herquegies,base.be
1068,7712,Herseaux,base.be
1069,2230,Herselt,base.be
1070,4040,Herstal,base.be
1071,3717,Herstappe,base.be
1072,7522,Hertain,base.be
1073,3831,Herten,base.be
1074,8020,Hertsberge,base.be
1075,4650,Herve,base.be
1076,9550,Herzele,base.be
1077,8501,Heule,base.be
1078,5377,Heure (Nam.),base.be
1079,4682,Heure-le-Romain,base.be
1080,9700,Heurne,base.be
1081,3550,Heusden (Limb.),base.be
1082,9070,Heusden (O.-Vl.),base.be
1083,3550,Heusden-Zolder,base.be
1084,4802,Heusy,base.be
1085,3191,Hever,base.be
1086,3001,Heverlee,base.be
1087,1435,Hévillers,base.be
1088,6941,Heyd,base.be
1089,9550,Hillegem,base.be
1090,2880,Hingene,base.be
1091,5380,Hingeon,base.be
1092,6984,Hives,base.be
1093,2660,Hoboken (Antwerpen),base.be
1094,4351,Hodeige,base.be
1095,6987,Hodister,base.be
1096,4162,Hody,base.be
1097,3320,Hoegaarden,base.be
1098,1560,Hoeilaart,base.be
1099,8340,Hoeke,base.be
1100,3746,Hoelbeek,base.be
1101,3471,Hoeleden,base.be
1102,3840,Hoepertingen,base.be
1103,3730,Hoeselt,base.be
1104,2940,Hoevenen,base.be
1105,1981,Hofstade (Bt.),base.be
1106,9308,Hofstade (O.-Vl.),base.be
1107,5377,Hogne,base.be
1108,4342,Hognoul,base.be
1109,7620,Hollain,base.be
1110,6637,Hollange,base.be
1111,8902,Hollebeke,base.be
1112,4460,Hollogne-aux-Pierres,base.be
1113,4250,Hollogne-sur-Geer,base.be
1114,3220,Holsbeek,base.be
1115,2811,Hombeek,base.be
1116,4852,Hombourg,base.be
1117,6640,Hompré,base.be
1118,6780,Hondelange,base.be
1119,5570,Honnay,base.be
1120,7387,Honnelles,base.be
1121,8830,Hooglede,base.be
1122,8690,Hoogstade,base.be
1123,2320,Hoogstraten,base.be
1124,9667,Horebeke,base.be
1125,4460,Horion-Hozémont,base.be
1126,7301,Hornu,base.be
1127,3870,Horpmaal,base.be
1128,7060,Horrues,base.be
1129,6990,Hotton,base.be
1130,6724,Houdemont,base.be
1131,7110,Houdeng-Aimeries,base.be
1132,7110,Houdeng-Goegnies,base.be
1133,5575,Houdremont,base.be
1134,6660,Houffalize,base.be
1135,5563,Hour,base.be
1136,4671,Housse,base.be
1137,7812,Houtaing,base.be
1138,1476,Houtain-le-Val,base.be
1139,4682,Houtain-Saint-Siméon,base.be
1140,8377,Houtave,base.be
1141,8630,Houtem (W.-Vl.),base.be
1142,3530,Houthalen,base.be
1143,3530,Houthalen-Helchteren,base.be
1144,7781,Houthem (Comines),base.be
1145,8650,Houthulst,base.be
1146,2235,Houtvenne,base.be
1147,3390,Houwaart,base.be
1148,5530,Houx,base.be
1149,5560,Houyet,base.be
1150,2540,Hove,base.be
1151,7830,Hoves (Ht.),base.be
1152,7624,Howardries,base.be
1153,4520,Huccorgne,base.be
1154,9750,Huise,base.be
1155,7950,Huissignies,base.be
1156,1654,Huizingen,base.be
1157,3040,Huldenberg,base.be
1158,2235,Hulshout,base.be
1159,5560,Hulsonniaux,base.be
1160,8531,Hulste,base.be
1161,6900,Humain,base.be
1162,1851,Humbeek,base.be
1163,9630,Hundelgem,base.be
1164,1367,Huppaye,base.be
1165,4500,Huy,base.be
1166,7022,Hyon,base.be
1167,8480,Ichtegem,base.be
1168,9472,Iddergem,base.be
1169,9506,Idegem,base.be
1170,8900,Ieper,base.be
1171,9340,Impe,base.be
1172,1315,Incourt,base.be
1173,8770,Ingelmunster,base.be
1174,8570,Ingooigem,base.be
1175,7801,Irchonwelz,base.be
1176,7822,Isières,base.be
1177,5032,Isnes,base.be
1178,2222,Itegem,base.be
1179,1701,Itterbeek,base.be
1180,1460,Ittre,base.be
1181,4400,Ivoz-Ramet,base.be
1182,1050,Ixelles,base.be
1183,8870,Izegem,base.be
1184,6810,Izel,base.be
1185,8691,Izenberge,base.be
1186,6941,Izier,base.be
1187,8490,Jabbeke,base.be
1188,4845,Jalhay,base.be
1189,5354,Jallet,base.be
1190,5600,Jamagne,base.be
1191,5100,Jambes (Namur),base.be
1192,5600,Jamiolle,base.be
1193,6120,Jamioulx,base.be
1194,6810,Jamoigne,base.be
1195,1350,Jandrain-Jandrenouille,base.be
1196,1350,Jauche,base.be
1197,1370,Jauchelette,base.be
1198,5570,Javingue,base.be
1199,4540,Jehay,base.be
1200,6880,Jehonville,base.be
1201,7012,Jemappes,base.be
1202,5580,Jemelle,base.be
1203,4101,Jemeppe-sur-Meuse,base.be
1204,5190,Jemeppe-sur-Sambre,base.be
1205,4357,Jeneffe (Lg.),base.be
1206,5370,Jeneffe (Nam.),base.be
1207,3840,Jesseren,base.be
1208,1090,Jette,base.be
1209,3890,Jeuk,base.be
1210,1370,Jodoigne,base.be
1211,1370,Jodoigne-Souveraine,base.be
1212,7620,Jollain-Merlin,base.be
1213,6280,Joncret,base.be
1214,4650,Julémont,base.be
1215,6040,Jumet (Charleroi),base.be
1216,4020,Jupille-sur-Meuse,base.be
1217,4450,Juprelle,base.be
1218,7050,Jurbise,base.be
1219,6642,Juseret,base.be
1220,8600,Kaaskerke,base.be
1221,8870,Kachtem,base.be
1222,3293,Kaggevinne,base.be
1223,7540,Kain (Tournai),base.be
1224,9270,Kalken,base.be
1225,9120,Kallo (Beveren-Waas),base.be
1226,9130,Kallo (Kieldrecht),base.be
1227,2920,Kalmthout,base.be
1228,1910,Kampenhout,base.be
1229,8700,Kanegem,base.be
1230,3770,Kanne,base.be
1231,2950,Kapellen (Antw.),base.be
1232,3381,Kapellen (Bt.),base.be
1233,1880,Kapelle-op-den-Bos,base.be
1234,9970,Kaprijke,base.be
1235,8572,Kaster,base.be
1236,2460,Kasterlee,base.be
1237,3950,Kaulille,base.be
1238,3140,Keerbergen,base.be
1239,8600,Keiem,base.be
1240,4720,Kelmis,base.be
1241,4367,Kemexhe,base.be
1242,8956,Kemmel,base.be
1243,9190,Kemzeke,base.be
1244,8581,Kerkhove,base.be
1245,3370,Kerkom,base.be
1246,3800,Kerkom-bij-Sint-Truiden,base.be
1247,9451,Kerksken,base.be
1248,3510,Kermt,base.be
1249,3840,Kerniel,base.be
1250,3472,Kersbeek-Miskom,base.be
1251,2560,Kessel,base.be
1252,3010,Kessel-Lo,base.be
1253,3640,Kessenich,base.be
1254,1755,Kester,base.be
1255,4701,Kettenis,base.be
1256,5060,Keumiée,base.be
1257,9130,Kieldrecht (Beveren),base.be
1258,3640,Kinrooi,base.be
1259,3990,Kleine-Brogel,base.be
1260,3740,Kleine-Spouwen,base.be
1261,3870,Klein-Gelmen,base.be
1262,8420,Klemskerke,base.be
1263,8650,Klerken,base.be
1264,9690,Kluisbergen,base.be
1265,9940,Kluizen,base.be
1266,9910,Knesselare,base.be
1267,8300,Knokke,base.be
1268,8300,Knokke-Heist,base.be
1269,1730,Kobbegem,base.be
1270,8680,Koekelare,base.be
1271,1081,Koekelberg,base.be
1272,3582,Koersel,base.be
1273,8670,Koksijde,base.be
1274,3840,Kolmont (Borgloon),base.be
1275,3700,Kolmont (Tongeren),base.be
1276,7780,Komen,base.be
1277,7780,Komen-Waasten,base.be
1278,2500,Koningshooikt,base.be
1279,3700,Koninksem,base.be
1280,2550,Kontich,base.be
1281,8510,Kooigem,base.be
1282,8000,Koolkerke,base.be
1283,8851,Koolskamp,base.be
1284,3060,Korbeek-Dijle,base.be
1285,3360,Korbeek-Lo,base.be
1286,8610,Kortemark,base.be
1287,3470,Kortenaken,base.be
1288,3070,Kortenberg,base.be
1289,3720,Kortessem,base.be
1290,3890,Kortijs,base.be
1291,8500,Kortrijk,base.be
1292,3220,Kortrijk-Dutsel,base.be
1293,3850,Kozen,base.be
1294,1950,Kraainem,base.be
1295,8972,Krombeke,base.be
1296,9150,Kruibeke,base.be
1297,9770,Kruishoutem,base.be
1298,3300,Kumtich,base.be
1299,3511,Kuringen,base.be
1300,3840,Kuttekoven,base.be
1301,8520,Kuurne,base.be
1302,3945,Kwaadmechelen,base.be
1303,9690,Kwaremont,base.be
1304,7080,La Bouverie,base.be
1305,4720,La Calamine,base.be
1306,7611,La Glanerie,base.be
1307,4987,La Gleize,base.be
1308,7170,La Hestre,base.be
1309,1310,La Hulpe,base.be
1310,7100,La Louvière,base.be
1311,4910,La Reid,base.be
1312,6980,La Roche-en-Ardenne,base.be
1313,3400,Laar,base.be
1314,9270,Laarne,base.be
1315,6567,Labuissière,base.be
1316,6821,Lacuisine,base.be
1317,7950,Ladeuze,base.be
1318,1020,Laeken,base.be
1319,5550,Laforêt,base.be
1320,7890,Lahamaide,base.be
1321,7522,Lamain,base.be
1322,4800,Lambermont,base.be
1323,6220,Lambusart,base.be
1324,4350,Lamine,base.be
1325,4210,Lamontzée,base.be
1326,6767,Lamorteau,base.be
1327,8600,Lampernisse,base.be
1328,3620,Lanaken,base.be
1329,4600,Lanaye,base.be
1330,9850,Landegem,base.be
1331,6111,Landelies,base.be
1332,3400,Landen,base.be
1333,5300,Landenne,base.be
1334,9860,Landskouter,base.be
1335,5651,Laneffe,base.be
1336,3201,Langdorp,base.be
1337,8920,Langemark,base.be
1338,8920,Langemark-Poelkapelle,base.be
1339,3650,Lanklaar,base.be
1340,7800,Lanquesaint,base.be
1341,4450,Lantin,base.be
1342,4300,Lantremange,base.be
1343,7622,Laplaigne,base.be
1344,8340,Lapscheure,base.be
1345,1380,Lasne,base.be
1346,1380,Lasne-Chapelle-St-Lambert,base.be
1347,1370,Lathuy,base.be
1348,4261,Latinne,base.be
1349,6761,Latour,base.be
1350,3700,Lauw,base.be
1351,8930,Lauwe,base.be
1352,6681,Lavacherie,base.be
1353,5580,Lavaux-Sainte-Anne,base.be
1354,4217,Lavoir,base.be
1355,5670,Le Mesnil,base.be
1356,7070,Le Roeulx,base.be
1357,5070,Le Roux,base.be
1358,9280,Lebbeke,base.be
1359,1320,L'Ecluse,base.be
1360,9340,Lede,base.be
1361,9050,Ledeberg (Gent),base.be
1362,8880,Ledegem,base.be
1363,3061,Leefdaal,base.be
1364,1755,Leerbeek,base.be
1365,6142,Leernes,base.be
1366,6530,Leers-et-Fosteau,base.be
1367,7730,Leers-Nord,base.be
1368,2811,Leest,base.be
1369,9620,Leeuwergem,base.be
1370,8432,Leffinge,base.be
1371,6860,Léglise,base.be
1372,5590,Leignon,base.be
1373,8691,Leisele,base.be
1374,8600,Leke,base.be
1375,1502,Lembeek,base.be
1376,9971,Lembeke,base.be
1377,9820,Lemberge,base.be
1378,8860,Lendelede,base.be
1379,1750,Lennik,base.be
1380,7870,Lens,base.be
1381,4280,Lens-Saint-Remy,base.be
1382,4250,Lens-Saint-Servais,base.be
1383,4360,Lens-sur-Geer,base.be
1384,3970,Leopoldsburg,base.be
1385,4560,Les Avins,base.be
1386,6811,Les Bulles,base.be
1387,6830,Les Hayons,base.be
1388,4317,Les Waleffes,base.be
1389,6464,L'Escaillère,base.be
1390,7621,Lesdain,base.be
1391,7860,Lessines,base.be
1392,5580,Lessive,base.be
1393,6953,Lesterny,base.be
1394,5170,Lesve,base.be
1395,7850,Lettelingen,base.be
1396,9521,Letterhoutem,base.be
1397,6500,Leugnies,base.be
1398,9700,Leupegem,base.be
1399,3630,Leut,base.be
1400,3000,Leuven,base.be
1401,5310,Leuze (Nam.),base.be
1402,7900,Leuze-en-Hainaut,base.be
1403,6500,Leval-Chaudeville,base.be
1404,7134,Leval-Trahegnies,base.be
1405,6238,Liberchies,base.be
1406,6890,Libin,base.be
1407,6800,Libramont-Chevigny,base.be
1408,2460,Lichtaart,base.be
1409,8810,Lichtervelde,base.be
1410,1770,Liedekerke,base.be
1411,9400,Lieferinge,base.be
1412,4000,Liège,base.be
1413,4020,Liège,base.be
1414,2500,Lier,base.be
1415,9570,Lierde,base.be
1416,4990,Lierneux,base.be
1417,5310,Liernu,base.be
1418,4042,Liers,base.be
1419,2870,Liezele,base.be
1420,7812,Ligne,base.be
1421,4254,Ligney,base.be
1422,5140,Ligny,base.be
1423,2275,Lille,base.be
1424,2040,Lillo,base.be
1425,1428,Lillois-Witterzée,base.be
1426,1300,Limal,base.be
1427,4830,Limbourg,base.be
1428,1342,Limelette,base.be
1429,6670,Limerlé,base.be
1430,4357,Limont,base.be
1431,4287,Lincent,base.be
1432,3210,Linden,base.be
1433,1630,Linkebeek,base.be
1434,3560,Linkhout,base.be
1435,1357,Linsmeau,base.be
1436,2547,Lint,base.be
1437,3350,Linter,base.be
1438,2890,Lippelo,base.be
1439,5501,Lisogne,base.be
1440,8380,Lissewege,base.be
1441,5101,Lives-sur-Meuse,base.be
1442,4600,Lixhe,base.be
1443,8647,Lo,base.be
1444,6540,Lobbes,base.be
1445,9080,Lochristi,base.be
1446,6042,Lodelinsart,base.be
1447,2990,Loenhout,base.be
1448,8958,Loker,base.be
1449,9160,Lokeren,base.be
1450,3545,Loksbergen,base.be
1451,8434,Lombardsijde,base.be
1452,7870,Lombise,base.be
1453,3920,Lommel,base.be
1454,4783,Lommersweiler,base.be
1455,6463,Lompret,base.be
1456,6924,Lomprez,base.be
1457,4431,Loncin,base.be
1458,1840,Londerzeel,base.be
1459,6688,Longchamps (Lux.),base.be
1460,5310,Longchamps (Nam.),base.be
1461,6840,Longlier,base.be
1462,1325,Longueville,base.be
1463,6600,Longvilly,base.be
1464,4710,Lontzen,base.be
1465,5030,Lonzée,base.be
1466,3040,Loonbeek,base.be
1467,8210,Loppem,base.be
1468,4987,Lorcé,base.be
1469,8647,Lo-Reninge,base.be
1470,1651,Lot,base.be
1471,9880,Lotenhulle,base.be
1472,5575,Louette-Saint-Denis,base.be
1473,5575,Louette-Saint-Pierre,base.be
1474,1471,Loupoigne,base.be
1475,1348,Louvain-la-Neuve,base.be
1476,4920,Louveigné (Aywaille),base.be
1477,4141,Louveigné (Sprimont),base.be
1478,9920,Lovendegem,base.be
1479,3360,Lovenjoel,base.be
1480,6280,Loverval,base.be
1481,5101,Loyers,base.be
1482,3210,Lubbeek,base.be
1483,7700,Luingne,base.be
1484,3560,Lummen,base.be
1485,5170,Lustin,base.be
1486,6238,Luttre,base.be
1487,L121,LUXEMBOURG (BEGGEN),base.be
1488,9680,Maarkedal,base.be
1489,9680,Maarke-Kerkem,base.be
1490,3680,Maaseik,base.be
1491,3630,Maasmechelen,base.be
1492,6663,Mabompré,base.be
1493,1830,Machelen (Bt),base.be
1494,9870,Machelen (O.-Vl.),base.be
1495,6591,Macon,base.be
1496,6593,Macquenoise,base.be
1497,5374,Maffe,base.be
1498,7810,Maffle,base.be
1499,4623,Magnée,base.be
1500,5330,Maillen,base.be
1501,7812,Mainvault,base.be
1502,7020,Maisières,base.be
1503,6852,Maissin,base.be
1504,5300,Maizeret,base.be
1505,3700,Mal,base.be
1506,9990,Maldegem,base.be
1507,1840,Malderen,base.be
1508,6960,Malempré,base.be
1509,1360,Malèves-Ste-Marie-Wastines,base.be
1510,2390,Malle,base.be
1511,4960,Malmédy,base.be
1512,5020,Malonne,base.be
1513,5575,Malvoisin,base.be
1514,7170,Manage,base.be
1515,4760,Manderfeld,base.be
1516,6960,Manhay,base.be
1517,8433,Mannekensvere,base.be
1518,1380,Maransart,base.be
1519,1495,Marbais (Bt.),base.be
1520,6120,Marbaix (Ht.),base.be
1521,6900,Marche-en-Famenne,base.be
1522,5024,Marche-les-Dames,base.be
1523,7190,Marche-lez-Ecaussinnes,base.be
1524,6030,Marchienne-au-Pont,base.be
1525,4570,Marchin,base.be
1526,7387,Marchipont,base.be
1527,5380,Marchovelette,base.be
1528,6001,Marcinelle,base.be
1529,6987,Marcourt,base.be
1530,7850,Marcq,base.be
1531,6990,Marenne,base.be
1532,9030,Mariakerke (Gent),base.be
1533,2880,Mariekerke (Bornem),base.be
1534,5660,Mariembourg,base.be
1535,1350,Marilles,base.be
1536,7850,Mark,base.be
1537,8510,Marke (Kortrijk),base.be
1538,8720,Markegem,base.be
1539,4210,Marneffe,base.be
1540,7522,Marquain,base.be
1541,6630,Martelange,base.be
1542,3742,Martenslinde,base.be
1543,5573,Martouzin-Neuville,base.be
1544,6953,Masbourg,base.be
1545,7020,Masnuy-Saint-Jean (Mons),base.be
1546,7050,Masnuy-Saint-Pierre,base.be
1547,7050,Masnuy-St-Jean (Jurbise),base.be
1548,9230,Massemen,base.be
1549,2240,Massenhoven,base.be
1550,5680,Matagne-la-Grande,base.be
1551,5680,Matagne-la-Petite,base.be
1552,9700,Mater,base.be
1553,7640,Maubray,base.be
1554,7534,Maulde,base.be
1555,7110,Maurage,base.be
1556,5670,Mazée,base.be
1557,1745,Mazenzele,base.be
1558,5032,Mazy,base.be
1559,5372,Méan,base.be
1560,2800,Mechelen,base.be
1561,3630,Mechelen-aan-de-Maas,base.be
1562,3870,Mechelen-Bovelingen,base.be
1563,4219,Meeffe,base.be
1564,3391,Meensel-Kiezegem,base.be
1565,2321,Meer,base.be
1566,3078,Meerbeek,base.be
1567,9402,Meerbeke,base.be
1568,9170,Meerdonk,base.be
1569,2450,Meerhout,base.be
1570,2328,Meerle,base.be
1571,3630,Meeswijk,base.be
1572,8377,Meetkerke,base.be
1573,3670,Meeuwen,base.be
1574,3670,Meeuwen-Gruitrode,base.be
1575,5310,Mehaigne,base.be
1576,9800,Meigem,base.be
1577,9630,Meilegem,base.be
1578,1860,Meise,base.be
1579,6769,Meix-devant-Virton,base.be
1580,6747,Meix-le-Tige,base.be
1581,9700,Melden,base.be
1582,3320,Meldert (Bt.),base.be
1583,3560,Meldert (Limb.),base.be
1584,9310,Meldert (O.-Vl.),base.be
1585,4633,Melen,base.be
1586,1370,Mélin,base.be
1587,3350,Melkwezer,base.be
1588,9090,Melle,base.be
1589,1495,Mellery,base.be
1590,7540,Melles,base.be
1591,6211,Mellet,base.be
1592,6860,Mellier,base.be
1593,1820,Melsbroek,base.be
1594,9120,Melsele,base.be
1595,9820,Melsen,base.be
1596,4837,Membach,base.be
1597,5550,Membre,base.be
1598,3770,Membruggen,base.be
1599,9042,Mendonk,base.be
1600,8930,Menen,base.be
1601,6567,Merbes-le-Château,base.be
1602,6567,Merbes-Sainte-Marie,base.be
1603,1785,Merchtem,base.be
1604,4280,Merdorp,base.be
1605,9420,Mere,base.be
1606,9820,Merelbeke,base.be
1607,9850,Merendree,base.be
1608,8650,Merkem,base.be
1609,2170,Merksem (Antwerpen),base.be
1610,2330,Merksplas,base.be
1611,5600,Merlemont,base.be
1612,8957,Mesen,base.be
1613,7822,Meslin-l'Evêque,base.be
1614,5560,Mesnil-Eglise,base.be
1615,5560,Mesnil-Saint-Blaise,base.be
1616,9200,Mespelare,base.be
1617,6780,Messancy,base.be
1618,3272,Messelbroek,base.be
1619,8957,Messines,base.be
1620,7022,Mesvin,base.be
1621,3870,Mettekoven,base.be
1622,5640,Mettet,base.be
1623,8760,Meulebeke,base.be
1624,5081,Meux,base.be
1625,7942,Mévergnies-lez-Lens,base.be
1626,4770,Meyrode,base.be
1627,9660,Michelbeke,base.be
1628,4630,Micheroux,base.be
1629,9992,Middelburg,base.be
1630,8430,Middelkerke,base.be
1631,5376,Miécret,base.be
1632,3891,Mielen-boven-Aalst,base.be
1633,7070,Mignault,base.be
1634,3770,Millen,base.be
1635,4041,Milmort,base.be
1636,2322,Minderhout,base.be
1637,6870,Mirwart,base.be
1638,4577,Modave,base.be
1639,3790,Moelingen,base.be
1640,8552,Moen,base.be
1641,9500,Moerbeke,base.be
1642,9180,Moerbeke-Waas,base.be
1643,8470,Moere,base.be
1644,8340,Moerkerke,base.be
1645,9220,Moerzeke,base.be
1646,7700,Moeskroen,base.be
1647,4520,Moha,base.be
1648,5361,Mohiville,base.be
1649,5060,Moignelée,base.be
1650,6800,Moircy,base.be
1651,2400,Mol,base.be
1652,7760,Molenbaix,base.be
1653,1080,Molenbeek-Saint-Jean,base.be
1654,3461,Molenbeek-Wersbeek,base.be
1655,3640,Molenbeersel,base.be
1656,3294,Molenstede,base.be
1657,1730,Mollem,base.be
1658,4350,Momalle,base.be
1659,6590,Momignies,base.be
1660,5555,Monceau-en-Ardenne,base.be
1661,6592,Monceau-Imbrechies,base.be
1662,6031,Monceau-sur-Sambre,base.be
1663,7000,Mons,base.be
1664,4400,Mons-lez-Liège,base.be
1665,1400,Monstreux,base.be
1666,6661,Mont (Lux.),base.be
1667,5530,Mont (Nam.),base.be
1668,6470,Montbliart,base.be
1669,7750,Mont-de-l'Enclus,base.be
1670,4420,Montegnée,base.be
1671,3890,Montenaken,base.be
1672,5580,Mont-Gauthier,base.be
1673,7870,Montignies-lez-Lens,base.be
1674,6560,Montignies-St-Christophe,base.be
1675,7387,Montignies-sur-Roc,base.be
1676,6061,Montignies-sur-Sambre,base.be
1677,6110,Montigny-le-Tilleul,base.be
1678,6674,Montleban,base.be
1679,7911,Montroeul-au-Bois,base.be
1680,7350,Montroeul-sur-Haine,base.be
1681,1367,Mont-Saint-André,base.be
1682,7542,Mont-Saint-Aubert,base.be
1683,7141,Mont-Sainte-Aldegonde,base.be
1684,6540,Mont-Sainte-Geneviève,base.be
1685,1435,Mont-Saint-Guibert,base.be
1686,6032,Mont-sur-Marchienne,base.be
1687,4850,Montzen,base.be
1688,9310,Moorsel,base.be
1689,8560,Moorsele,base.be
1690,8890,Moorslede,base.be
1691,9860,Moortsele,base.be
1692,3740,Mopertingen,base.be
1693,9790,Moregem,base.be
1694,4850,Moresnet,base.be
1695,6640,Morhet,base.be
1696,5621,Morialmé,base.be
1697,2200,Morkhoven,base.be
1698,7140,Morlanwelz,base.be
1699,7140,Morlanwelz-Mariemont,base.be
1700,6997,Mormont,base.be
1701,5190,Mornimont,base.be
1702,4670,Mortier,base.be
1703,4607,Mortroux,base.be
1704,2640,Mortsel,base.be
1705,5620,Morville,base.be
1706,3790,Mouland,base.be
1707,7812,Moulbaix,base.be
1708,7543,Mourcourt,base.be
1709,7700,Mouscron,base.be
1710,7911,Moustier (Ht.),base.be
1711,5190,Moustier-sur-Sambre,base.be
1712,5550,Mouzaive,base.be
1713,4280,Moxhe,base.be
1714,5340,Mozet,base.be
1715,3891,Muizen (Limb.),base.be
1716,2812,Muizen (Mechelen),base.be
1717,9700,Mullem,base.be
1718,9630,Munkzwalm,base.be
1719,6820,Muno,base.be
1720,3740,Munsterbilzen,base.be
1721,9820,Munte,base.be
1722,6750,Musson,base.be
1723,6750,Mussy-la-Ville,base.be
1724,4190,My,base.be
1725,7062,Naast,base.be
1726,6660,Nadrin,base.be
1727,5550,Nafraiture,base.be
1728,6120,Nalinnes,base.be
1729,5300,Namêche,base.be
1730,5000,Namur,base.be
1731,4550,Nandrin,base.be
1732,5100,Naninne,base.be
1733,5555,Naomé,base.be
1734,6950,Nassogne,base.be
1735,5360,Natoye,base.be
1736,9810,Nazareth,base.be
1737,7730,Néchin,base.be
1738,1120,Neder-over-Heembeek,base.be
1739,9500,Nederboelare,base.be
1740,9660,Nederbrakel,base.be
1741,9700,Nederename,base.be
1742,9400,Nederhasselt,base.be
1743,1910,Nederokkerzeel,base.be
1744,9636,Nederzwalm-Hermelgem,base.be
1745,3670,Neerglabbeek,base.be
1746,3620,Neerharen,base.be
1747,3350,Neerhespen,base.be
1748,1357,Neerheylissem,base.be
1749,3040,Neerijse,base.be
1750,3404,Neerlanden,base.be
1751,3350,Neerlinter,base.be
1752,3680,Neeroeteren,base.be
1753,3910,Neerpelt,base.be
1754,3700,Neerrepen,base.be
1755,3370,Neervelp,base.be
1756,7784,Neerwaasten,base.be
1757,3400,Neerwinden,base.be
1758,9403,Neigem,base.be
1759,3700,Nerem,base.be
1760,4870,Nessonvaux,base.be
1761,1390,Nethen,base.be
1762,5377,Nettinne,base.be
1763,6840,Neufchâteau,base.be
1764,4608,Neufchâteau (Lg.),base.be
1765,7332,Neufmaison,base.be
1766,7063,Neufvilles,base.be
1767,4721,Neu-Moresnet,base.be
1768,4120,Neupré,base.be
1769,5600,Neuville (Philippeville),base.be
1770,4121,Neuville-en-Condroz,base.be
1771,9850,Nevele,base.be
1772,2845,Niel,base.be
1773,3668,Niel-bij-As,base.be
1774,3890,Niel-bij-Sint-Truiden,base.be
1775,9506,Nieuwenhove,base.be
1776,1880,Nieuwenrode,base.be
1777,9320,Nieuwerkerken (Aalst),base.be
1778,3850,Nieuwerkerken (Limb.),base.be
1779,8600,Nieuwkapelle,base.be
1780,8950,Nieuwkerke,base.be
1781,9100,Nieuwkerken-Waas,base.be
1782,8377,Nieuwmunster,base.be
1783,8620,Nieuwpoort,base.be
1784,3221,Nieuwrode,base.be
1785,2560,Nijlen,base.be
1786,1457,Nil-St-Vincent-St-Martin,base.be
1787,7020,Nimy (Mons),base.be
1788,9400,Ninove,base.be
1789,5670,Nismes,base.be
1790,1400,Nivelles,base.be
1791,5680,Niverlée,base.be
1792,6640,Nives,base.be
1793,6717,Nobressart,base.be
1794,1320,Nodebais,base.be
1795,1350,Noduwez,base.be
1796,7080,Noirchain,base.be
1797,6831,Noirefontaine,base.be
1798,5377,Noiseux,base.be
1799,9771,Nokere,base.be
1800,6851,Nollevaux,base.be
1801,2200,Noorderwijk,base.be
1802,8647,Noordschote,base.be
1803,1930,Nossegem,base.be
1804,6717,Nothomb,base.be
1805,7022,Nouvelles,base.be
1806,4347,Noville (Lg.),base.be
1807,6600,Noville (Lux.),base.be
1808,5380,Noville-les-Bois,base.be
1809,5310,Noville-sur-Méhaigne,base.be
1810,9681,Nukerke,base.be
1811,6230,Obaix,base.be
1812,7743,Obigies,base.be
1813,7034,Obourg,base.be
1814,6890,Ochamps,base.be
1815,4560,Ocquier,base.be
1816,6960,Odeigne,base.be
1817,4367,Odeur,base.be
1818,8730,Oedelem,base.be
1819,8800,Oekene,base.be
1820,2520,Oelegem,base.be
1821,8690,Oeren,base.be
1822,8720,Oeselgem,base.be
1823,1755,Oetingen,base.be
1824,7911,Oeudeghien,base.be
1825,2260,Oevel,base.be
1826,6850,Offagne,base.be
1827,7862,Ogy,base.be
1828,1380,Ohain,base.be
1829,5350,Ohey,base.be
1830,5670,Oignies-en-Thiérache,base.be
1831,1480,Oisquercq,base.be
1832,5555,Oizy,base.be
1833,9400,Okegem,base.be
1834,2250,Olen,base.be
1835,4300,Oleye,base.be
1836,7866,Ollignies,base.be
1837,5670,Olloy-sur-Viroin,base.be
1838,2491,Olmen,base.be
1839,4877,Olne,base.be
1840,9870,Olsene,base.be
1841,4252,Omal,base.be
1842,4540,Ombret,base.be
1843,5600,Omezée,base.be
1844,6900,On,base.be
1845,5520,Onhaye,base.be
1846,9500,Onkerzele,base.be
1847,7387,Onnezies,base.be
1848,5190,Onoz,base.be
1849,1760,Onze-Lieve-Vrouw-Lombeek,base.be
1850,2861,Onze-Lieve-Vrouw-Waver,base.be
1851,8710,Ooigem,base.be
1852,9700,Ooike (Oudenaarde),base.be
1853,9790,Ooike (Wortegem-Petegem),base.be
1854,9520,Oomb.(St-Lievens-Houtem),base.be
1855,9620,Oombergen (Zottegem),base.be
1856,3300,Oorbeek,base.be
1857,9340,Oordegem,base.be
1858,9041,Oostakker,base.be
1859,8670,Oostduinkerke,base.be
1860,9968,Oosteeklo,base.be
1861,8400,Oostende,base.be
1862,9860,Oosterzele,base.be
1863,3945,Oostham,base.be
1864,8020,Oostkamp,base.be
1865,8340,Oostkerke (Damme),base.be
1866,8600,Oostkerke (Diksmuide),base.be
1867,2390,Oostmalle,base.be
1868,8840,Oostnieuwkerke,base.be
1869,8780,Oostrozebeke,base.be
1870,8640,Oostvleteren,base.be
1871,9931,Oostwinkel,base.be
1872,9660,Opbrakel,base.be
1873,9255,Opdorp,base.be
1874,3660,Opglabbeek,base.be
1875,3630,Opgrimbie,base.be
1876,1421,Ophain-Bois-Seigneur-Isaac,base.be
1877,9500,Ophasselt,base.be
1878,3870,Opheers,base.be
1879,1357,Opheylissem,base.be
1880,3640,Ophoven,base.be
1881,3960,Opitter,base.be
1882,3300,Oplinter,base.be
1883,3680,Opoeteren,base.be
1884,6852,Opont,base.be
1885,1315,Opprebais,base.be
1886,2890,Oppuurs,base.be
1887,3360,Opvelp,base.be
1888,1745,Opwijk,base.be
1889,1360,Orbais,base.be
1890,5550,Orchimont,base.be
1891,7501,Orcq,base.be
1892,3800,Ordingen,base.be
1893,5640,Oret,base.be
1894,4360,Oreye,base.be
1895,6880,Orgeo,base.be
1896,7802,Ormeignies,base.be
1897,1350,Orp-Jauche,base.be
1898,1350,Orp-le-Grand,base.be
1899,7750,Orroir,base.be
1900,3350,Orsmaal-Gussenhoven,base.be
1901,6983,Ortho,base.be
1902,7804,Ostiches,base.be
1903,8553,Otegem,base.be
1904,4210,Oteppe,base.be
1905,4340,Othée,base.be
1906,4360,Otrange,base.be
1907,3040,Ottenburg,base.be
1908,9420,Ottergem,base.be
1909,1340,Ottignies,base.be
1910,9200,Oudegem,base.be
1911,8600,Oudekapelle,base.be
1912,9700,Oudenaarde,base.be
1913,1600,Oudenaken,base.be
1914,8460,Oudenburg,base.be
1915,1160,Oudergem,base.be
1916,3050,Oud-Heverlee,base.be
1917,2360,Oud-Turnhout,base.be
1918,4590,Ouffet,base.be
1919,4102,Ougrée,base.be
1920,4680,Oupeye,base.be
1921,9406,Outer,base.be
1922,3321,Outgaarden,base.be
1923,4577,Outrelouxhe,base.be
1924,8582,Outrijve,base.be
1925,9750,Ouwegem,base.be
1926,9500,Overboelare,base.be
1927,3350,Overhespen,base.be
1928,3090,Overijse,base.be
1929,9290,Overmere,base.be
1930,3900,Overpelt,base.be
1931,3700,Overrepen,base.be
1932,3400,Overwinden,base.be
1933,3583,Paal,base.be
1934,4452,Paifve,base.be
1935,4560,Pailhe,base.be
1936,6850,Paliseul,base.be
1937,1760,Pamel,base.be
1938,7861,Papignies,base.be
1939,9661,Parike,base.be
1940,7500,PARIS,base.be
1941,8980,Passendale,base.be
1942,5575,Patignies,base.be
1943,7340,Pâturages,base.be
1944,9630,Paulatem,base.be
1945,7740,Pecq,base.be
1946,3990,Peer,base.be
1947,7120,Peissant,base.be
1948,4287,Pellaines,base.be
1949,3212,Pellenberg,base.be
1950,1670,Pepingen,base.be
1951,4860,Pepinster,base.be
1952,1820,Perk,base.be
1953,7640,Péronnes-lez-Antoing,base.be
1954,7134,Péronnes-lez-Binche,base.be
1955,7600,Péruwelz,base.be
1956,8600,Pervijze,base.be
1957,1360,Perwez,base.be
1958,5352,Perwez-Haillot,base.be
1959,5660,Pesche,base.be
1960,5590,Pessoux,base.be
1961,9800,Petegem-aan-de-Leie,base.be
1962,9790,Petegem-aan-de-Schelde,base.be
1963,5660,Petigny,base.be
1964,5660,Petite-Chapelle,base.be
1965,7850,Petit-Enghien,base.be
1966,5555,Petit-Fays,base.be
1967,4280,Petit-Hallet,base.be
1968,4800,Petit-Rechain,base.be
1969,7090,Petit-Roeulx-lez-Braine,base.be
1970,7181,Petit-Roeulx-lez-Nivelles,base.be
1971,6692,Petit-Thier,base.be
1972,1800,Peutie,base.be
1973,5600,Philippeville,base.be
1974,7160,Piéton,base.be
1975,1370,Piétrain,base.be
1976,1315,Piètrebais,base.be
1977,7904,Pipaix,base.be
1978,3700,Piringen,base.be
1979,6240,Pironchamps,base.be
1980,8740,Pittem,base.be
1981,4122,Plainevaux,base.be
1982,1380,Plancenoit,base.be
1983,7782,Ploegsteert,base.be
1984,4850,Plombières,base.be
1985,2275,Poederlee,base.be
1986,9880,Poeke,base.be
1987,8920,Poelkapelle,base.be
1988,9850,Poesele,base.be
1989,9401,Pollare,base.be
1990,4910,Polleur (Theux),base.be
1991,4800,Polleur (Verviers),base.be
1992,8647,Pollinkhove,base.be
1993,7322,Pommeroeul,base.be
1994,5574,Pondrôme,base.be
1995,6230,Pont-à-Celles,base.be
1996,6250,Pont-de-Loup,base.be
1997,5380,Pontillas,base.be
1998,8970,Poperinge,base.be
1999,2382,Poppel,base.be
2000,7760,Popuelles,base.be
2001,6929,Porcheresse (Lux.),base.be
2002,5370,Porcheresse (Nam.),base.be
2003,7760,Pottes,base.be
2004,4280,Poucet,base.be
2005,4171,Poulseur,base.be
2006,6830,Poupehan,base.be
2007,4350,Pousset,base.be
2008,5660,Presgaux,base.be
2009,6250,Presles,base.be
2010,5170,Profondeville,base.be
2011,8972,Proven,base.be
2012,5650,Pry,base.be
2013,2242,Pulderbos,base.be
2014,2243,Pulle,base.be
2015,5530,Purnode,base.be
2016,5550,Pussemange,base.be
2017,2580,Putte,base.be
2018,2870,Puurs,base.be
2019,7390,Quaregnon,base.be
2020,7540,Quartes,base.be
2021,1430,Quenast,base.be
2022,4610,Queue-du-Bois,base.be
2023,7972,Quevaucamps,base.be
2024,7040,Quévy-le-Grand,base.be
2025,7040,Quévy-le-Petit,base.be
2026,7380,Quiévrain,base.be
2027,6792,Rachecourt,base.be
2028,4287,Racour,base.be
2029,4730,Raeren,base.be
2030,6532,Ragnies,base.be
2031,4987,Rahier,base.be
2032,7971,Ramegnies,base.be
2033,7520,Ramegnies-Chin,base.be
2034,4557,Ramelot,base.be
2035,1367,Ramillies,base.be
2036,1880,Ramsdonk,base.be
2037,2230,Ramsel,base.be
2038,8301,Ramskapelle (Knokke-Heist),base.be
2039,8620,Ramskapelle (Nieuwpoort),base.be
2040,6470,Rance,base.be
2041,6043,Ransart,base.be
2042,3470,Ransberg,base.be
2043,2520,Ranst,base.be
2044,2380,Ravels,base.be
2045,7804,Rebaix,base.be
2046,1430,Rebecq,base.be
2047,1430,Rebecq-Rognon,base.be
2048,4780,Recht,base.be
2049,6800,Recogne,base.be
2050,6890,Redu,base.be
2051,2840,Reet,base.be
2052,3621,Rekem,base.be
2053,8930,Rekkem,base.be
2054,1731,Relegem,base.be
2055,6800,Remagne,base.be
2056,3791,Remersdaal,base.be
2057,4350,Remicourt,base.be
2058,9600,Renaix,base.be
2059,6987,Rendeux,base.be
2060,8647,Reninge,base.be
2061,8970,Reningelst,base.be
2062,6500,Renlies,base.be
2063,3950,Reppel,base.be
2064,7134,Ressaix,base.be
2065,9551,Ressegem,base.be
2066,6927,Resteigne,base.be
2067,2470,Retie,base.be
2068,4621,Retinne,base.be
2069,4790,Reuland,base.be
2070,6210,Rèves,base.be
2071,5080,Rhisnes,base.be
2072,1640,Rhode-Saint-Genèse,base.be
2073,4600,Richelle,base.be
2074,3770,Riemst,base.be
2075,5575,Rienne,base.be
2076,6464,Rièzes,base.be
2077,3840,Rijkel,base.be
2078,2310,Rijkevorsel,base.be
2079,3740,Rijkhoven,base.be
2080,2820,Rijmenam,base.be
2081,3700,Riksingen,base.be
2082,3202,Rillaar,base.be
2083,5170,Rivière,base.be
2084,1330,Rixensart,base.be
2085,6460,Robechies,base.be
2086,6769,Robelmont,base.be
2087,4950,Robertville,base.be
2088,9630,Roborst,base.be
2089,5580,Rochefort,base.be
2090,6830,Rochehaut,base.be
2091,4761,Rocherath,base.be
2092,4690,Roclenge-sur-Geer,base.be
2093,4000,Rocourt,base.be
2094,8972,Roesbrugge-Haringe,base.be
2095,8800,Roeselare,base.be
2096,5651,Rognée,base.be
2097,7387,Roisin,base.be
2098,8460,Roksem,base.be
2099,8510,Rollegem,base.be
2100,8880,Rollegem-Kapelle,base.be
2101,4347,Roloux,base.be
2102,5600,Roly,base.be
2103,5600,Romedenne,base.be
2104,5680,Romerée,base.be
2105,3730,Romershoven,base.be
2106,4624,Romsée,base.be
2107,7623,Rongy,base.be
2108,7090,Ronquières,base.be
2109,9600,Ronse,base.be
2110,9932,Ronsele,base.be
2111,3370,Roosbeek,base.be
2112,1760,Roosdaal,base.be
2113,4012,ROQUEFORT,base.be
2114,5620,Rosée,base.be
2115,6250,Roselies,base.be
2116,1331,Rosières,base.be
2117,3740,Rosmeer,base.be
2118,4257,Rosoux-Crenwick,base.be
2119,6730,Rossignol,base.be
2120,3650,Rotem,base.be
2121,4120,Rotheux-Rimière,base.be
2122,3110,Rotselaar,base.be
2123,7601,Roucourt,base.be
2124,7120,Rouveroy (Ht.),base.be
2125,4140,Rouvreux,base.be
2126,6767,Rouvroy,base.be
2127,6044,Roux,base.be
2128,1315,Roux-Miroir,base.be
2129,6900,Roy,base.be
2130,9630,Rozebeke,base.be
2131,8020,Ruddervoorde,base.be
2132,6760,Ruette,base.be
2133,9690,Ruien,base.be
2134,2870,Ruisbroek (Antw.),base.be
2135,1601,Ruisbroek (Bt.),base.be
2136,8755,Ruiselede,base.be
2137,3870,Rukkelingen-Loon,base.be
2138,6724,Rulles,base.be
2139,8800,Rumbeke,base.be
2140,7610,Rumes,base.be
2141,7540,Rumillies,base.be
2142,3454,Rummen,base.be
2143,3400,Rumsdorp,base.be
2144,2840,Rumst,base.be
2145,3803,Runkelen,base.be
2146,9150,Rupelmonde,base.be
2147,7750,Russeignies,base.be
2148,3700,Rutten,base.be
2149,3798,'s Gravenvoeren,base.be
2150,2970,'s Gravenwezel,base.be
2151,3700,'s Herenelderen,base.be
2152,6221,Saint-Amand,base.be
2153,4606,Saint-André,base.be
2154,5620,Saint-Aubin,base.be
2155,7034,Saint-Denis (Ht.),base.be
2156,5081,Saint-Denis-Bovesse,base.be
2157,6820,Sainte-Cécile,base.be
2158,6800,Sainte-Marie-Chevigny,base.be
2159,6740,Sainte-Marie-sur-Semois,base.be
2160,6680,Sainte-Ode,base.be
2161,1480,Saintes,base.be
2162,4470,Saint-Georges-sur-Meuse,base.be
2163,5640,Saint-Gérard,base.be
2164,5310,Saint-Germain,base.be
2165,1450,Saint-Géry,base.be
2166,7330,Saint-Ghislain,base.be
2167,1060,Saint-Gilles,base.be
2168,6870,Saint-Hubert,base.be
2169,1370,Saint-Jean-Geest,base.be
2170,1210,Saint-Josse-ten-Noode,base.be
2171,7730,Saint-Léger (Ht.),base.be
2172,6747,Saint-Léger (Lux.),base.be
2173,5003,Saint-Marc,base.be
2174,6762,Saint-Mard,base.be
2175,5190,Saint-Martin,base.be
2176,7500,Saint-Maur,base.be
2177,6887,Saint-Médard,base.be
2178,4420,Saint-Nicolas (Lg.),base.be
2179,6800,Saint-Pierre,base.be
2180,6460,Saint-Remy (Ht.),base.be
2181,4672,Saint-Remy (Lg.),base.be
2182,1370,Saint-Remy-Geest,base.be
2183,7912,Saint-Sauveur,base.be
2184,5002,Saint-Servais,base.be
2185,4550,Saint-Séverin,base.be
2186,7030,Saint-Symphorien,base.be
2187,7100,Saint-Vaast,base.be
2188,6730,Saint-Vincent,base.be
2189,4780,Saint-Vith,base.be
2190,4671,Saive,base.be
2191,6460,Salles,base.be
2192,5600,Samart,base.be
2193,5060,Sambreville,base.be
2194,6982,Samrée,base.be
2195,4780,Sankt Vith,base.be
2196,7080,Sars-la-Bruyère,base.be
2197,6542,Sars-la-Buissière,base.be
2198,5330,Sart-Bernard,base.be
2199,5575,Sart-Custinne,base.be
2200,1495,Sart-Dames-Avelines,base.be
2201,5600,Sart-en-Fagne,base.be
2202,5070,Sart-Eustache,base.be
2203,4845,Sart-lez-Spa,base.be
2204,5070,Sart-Saint-Laurent,base.be
2205,6470,Sautin,base.be
2206,5600,Sautour,base.be
2207,5030,Sauvenière,base.be
2208,1030,Schaarbeek,base.be
2209,1030,Schaerbeek,base.be
2210,3290,Schaffen,base.be
2211,3732,Schalkhoven,base.be
2212,5364,Schaltin,base.be
2213,9820,Schelderode,base.be
2214,9860,Scheldewindeke,base.be
2215,2627,Schelle,base.be
2216,9260,Schellebelle,base.be
2217,9506,Schendelbeke,base.be
2218,1703,Schepdaal,base.be
2219,3270,Scherpenheuvel,base.be
2220,2970,Schilde,base.be
2221,4782,Schoenberg,base.be
2222,4782,Schönberg,base.be
2223,9200,Schoonaarde,base.be
2224,8433,Schore,base.be
2225,9688,Schorisse,base.be
2226,2900,Schoten,base.be
2227,2223,Schriek,base.be
2228,8700,Schuiferskapelle,base.be
2229,3540,Schulen,base.be
2230,5300,Sclayn,base.be
2231,5361,Scy,base.be
2232,5300,Seilles,base.be
2233,6781,Sélange,base.be
2234,6596,Seloignes,base.be
2235,9890,Semmerzake,base.be
2236,7180,Seneffe,base.be
2237,6832,Sensenruth,base.be
2238,4557,Seny,base.be
2239,5630,Senzeille,base.be
2240,6940,Septon,base.be
2241,4100,Seraing,base.be
2242,4537,Seraing-le-Château,base.be
2243,5590,Serinchamps,base.be
2244,9260,Serskamp,base.be
2245,5521,Serville,base.be
2246,6640,Sibret,base.be
2247,6750,Signeulx,base.be
2248,8340,Sijsele,base.be
2249,5630,Silenrieux,base.be
2250,7830,Silly,base.be
2251,9112,Sinaai-Waas,base.be
2252,5377,Sinsin,base.be
2253,1080,Sint-Agatha-Berchem,base.be
2254,3040,Sint-Agatha-Rode,base.be
2255,2890,Sint-Amands,base.be
2256,9040,Sint-Amandsberg,base.be
2257,8200,Sint-Andries,base.be
2258,9550,Sint-Antelinks,base.be
2259,8710,Sint-Baafs-Vijve,base.be
2260,9630,Sint-Blasius-Boekel,base.be
2261,8554,Sint-Denijs,base.be
2262,9630,Sint-Denijs-Boekel,base.be
2263,9051,Sint-Denijs-Westrem,base.be
2264,8793,Sint-Eloois-Vijve,base.be
2265,8880,Sint-Eloois-Winkel,base.be
2266,1640,Sint-Genesius-Rode,base.be
2267,1060,Sint-Gillis,base.be
2268,9170,Sint-Gillis-Waas,base.be
2269,9620,Sint-Goriks-Oudenhove,base.be
2270,3730,Sint-Huibrechts-Hern,base.be
2271,3910,Sint-Huibrechts-Lille,base.be
2272,8600,Sint-Jacobs-Kapelle,base.be
2273,8900,Sint-Jan,base.be
2274,9982,Sint-Jan-in-Eremo,base.be
2275,1080,Sint-Jans-Molenbeek,base.be
2276,2960,Sint-Job-in-'t-Goor,base.be
2277,1210,Sint-Joost-ten-Node,base.be
2278,8730,Sint-Joris (Beernem),base.be
2279,8620,Sint-Joris (Nieuwpoort),base.be
2280,3051,Sint-Joris-Weert,base.be
2281,3390,Sint-Joris-Winge,base.be
2282,2860,Sint-Katelijne-Waver,base.be
2283,1742,Sint-Katherina-lombeek,base.be
2284,9667,Sint-Kornelis-Horebeke,base.be
2285,8310,Sint-Kruis (Brugge),base.be
2286,9042,Sint-Kruis-Winkel,base.be
2287,1750,Sint-Kwintens-Lennik,base.be
2288,3500,Sint-Lambrechts-Herk,base.be
2289,1200,Sint-Lambrechts-Woluwe,base.be
2290,9980,Sint-Laureins,base.be
2291,1600,Sint-Laureins-Berchem,base.be
2292,2960,Sint-Lenaerts,base.be
2293,9550,Sint-Lievens-Esse,base.be
2294,9520,Sint-Lievens-Houtem,base.be
2295,9981,Sint-Margriete,base.be
2296,9667,Sint-Maria-Horebeke,base.be
2297,9630,Sint-Maria-Latem,base.be
2298,9570,Sint-Maria-Lierde,base.be
2299,1700,Sint-Martens-Bodegem,base.be
2300,9830,Sint-Martens-Latem,base.be
2301,9800,Sint-Martens-Leerne,base.be
2302,1750,Sint-Martens-Lennik,base.be
2303,9572,Sint-Martens-Lierde,base.be
2304,3790,Sint-Martens-Voeren,base.be
2305,8200,Sint-Michiels,base.be
2306,9100,Sint-Niklaas,base.be
2307,9170,Sint-Pauwels,base.be
2308,1541,Sint-Pieters-Kapelle (Bt.),base.be
2309,1600,Sint-Pieters-Leeuw,base.be
2310,3220,Sint-Pieters-Rode,base.be
2311,3792,Sint-Pieters-Voeren,base.be
2312,1150,Sint-Pieters-Woluwe,base.be
2313,8690,Sint-Rijkers,base.be
2314,1932,Sint-Stevens-Woluwe,base.be
2315,3800,Sint-Truiden,base.be
2316,1700,Sint-Ulriks-Kapelle,base.be
2317,4851,Sippenaeken,base.be
2318,7332,Sirault,base.be
2319,6470,Sivry,base.be
2320,6470,Sivry-Rance,base.be
2321,9940,Sleidinge,base.be
2322,8433,Slijpe,base.be
2323,4450,Slins,base.be
2324,3700,Sluizen,base.be
2325,9506,Smeerebbe-Vloerzegem,base.be
2326,9340,Smetlede,base.be
2327,6890,Smuid,base.be
2328,8470,Snaaskerke,base.be
2329,8490,Snellegem,base.be
2330,4557,Soheit-Tinlot,base.be
2331,6920,Sohier,base.be
2332,7060,Soignies,base.be
2333,4861,Soiron,base.be
2334,6500,Solre-Saint-Géry,base.be
2335,6560,Solre-sur-Sambre,base.be
2336,5140,Sombreffe,base.be
2337,5377,Somme-Leuze,base.be
2338,6769,Sommethonne,base.be
2339,5523,Sommière,base.be
2340,5651,Somzée,base.be
2341,5340,Sorée,base.be
2342,5333,Sorinne-la-Longue,base.be
2343,5503,Sorinnes,base.be
2344,5537,Sosoye,base.be
2345,4920,Sougné-Remouchamps,base.be
2346,5680,Soulme,base.be
2347,4630,Soumagne,base.be
2348,5630,Soumoy,base.be
2349,4950,Sourbrodt,base.be
2350,6182,Souvret,base.be
2351,5590,Sovet,base.be
2352,6997,Soy,base.be
2353,5150,Soye (Nam.),base.be
2354,4900,Spa,base.be
2355,3510,Spalbeek,base.be
2356,7032,Spiennes,base.be
2357,8587,Spiere,base.be
2358,8587,Spiere-Helkijn,base.be
2359,5530,Spontin,base.be
2360,4140,Sprimont,base.be
2361,5190,Spy,base.be
2362,2940,Stabroek,base.be
2363,8840,Staden,base.be
2364,8490,Stalhille,base.be
2365,7973,Stambruges,base.be
2366,5646,Stave,base.be
2367,8691,Stavele,base.be
2368,4970,Stavelot,base.be
2369,9140,Steendorp,base.be
2370,1840,Steenhuffel,base.be
2371,9550,Steenhuize-Wijnhuize,base.be
2372,8630,Steenkerke (W.-VL.),base.be
2373,7090,Steenkerque (Ht.),base.be
2374,1820,Steenokkerzeel,base.be
2375,9190,Stekene,base.be
2376,4801,Stembert,base.be
2377,8400,Stene,base.be
2378,1933,Sterrebeek,base.be
2379,3512,Stevoort,base.be
2380,9200,St-Gillis-bij-Dendermonde,base.be
2381,3470,St-Margriete (Kortenaken),base.be
2382,3300,St-Margriete-Houtem(Tien.),base.be
2383,9660,St-Maria-Oudenhove(Brakel),base.be
2384,9620,St-Maria-Oudenhove(Zott.),base.be
2385,3650,Stokkem,base.be
2386,3511,Stokrooie,base.be
2387,4987,Stoumont,base.be
2388,8433,St-Pieters-Kapelle(W.-Vl.),base.be
2389,6887,Straimont,base.be
2390,6511,Strée (Ht.),base.be
2391,4577,Strée-lez-Huy,base.be
2392,7110,Strépy-Bracquegnies,base.be
2393,9620,Strijpen,base.be
2394,1760,Strijtem,base.be
2395,1853,Strombeek-Bever,base.be
2396,8600,Stuivekenskerke,base.be
2397,5020,Suarlée,base.be
2398,5550,Sugny,base.be
2399,5600,Surice,base.be
2400,6812,Suxy,base.be
2401,6661,Tailles,base.be
2402,7618,Taintignies,base.be
2403,5060,Tamines,base.be
2404,5651,Tarcienne,base.be
2405,4163,Tavier,base.be
2406,5310,Taviers (Nam.),base.be
2407,6662,Tavigny,base.be
2408,6927,Tellin,base.be
2409,7520,Templeuve,base.be
2410,5020,Temploux,base.be
2411,9140,Temse,base.be
2412,6970,Tenneville,base.be
2413,1790,Teralfene,base.be
2414,2840,Terhagen,base.be
2415,6813,Termes,base.be
2416,1740,Ternat,base.be
2417,7333,Tertre,base.be
2418,3080,Tervuren,base.be
2419,4560,Terwagne,base.be
2420,3980,Tessenderlo,base.be
2421,3272,Testelt,base.be
2422,3793,Teuven,base.be
2423,4910,Theux,base.be
2424,6717,Thiaumont,base.be
2425,7070,Thieu,base.be
2426,7901,Thieulain,base.be
2427,7061,Thieusies,base.be
2428,6230,Thiméon,base.be
2429,4890,Thimister,base.be
2430,4890,Thimister-Clermont,base.be
2431,7533,Thimougies,base.be
2432,1402,Thines,base.be
2433,6500,Thirimont,base.be
2434,4280,Thisnes,base.be
2435,4791,Thommen,base.be
2436,5300,Thon,base.be
2437,1360,Thorembais-les-Béguines,base.be
2438,1360,Thorembais-Saint-Trond,base.be
2439,7830,Thoricourt,base.be
2440,6536,Thuillies,base.be
2441,6530,Thuin,base.be
2442,7350,Thulin,base.be
2443,7971,Thumaide,base.be
2444,5621,Thy-le-Bauduin,base.be
2445,5651,Thy-le-Château,base.be
2446,5502,Thynes,base.be
2447,4367,Thys,base.be
2448,8573,Tiegem,base.be
2449,2460,Tielen,base.be
2450,9140,Tielrode,base.be
2451,8700,Tielt,base.be
2452,3390,Tielt (Bt.),base.be
2453,3300,Tienen,base.be
2454,4630,Tignée,base.be
2455,4500,Tihange,base.be
2456,3150,Tildonk,base.be
2457,4130,Tilff,base.be
2458,6680,Tillet,base.be
2459,4420,Tilleur,base.be
2460,5380,Tillier,base.be
2461,1495,Tilly,base.be
2462,4557,Tinlot,base.be
2463,6637,Tintange,base.be
2464,6730,Tintigny,base.be
2465,2830,Tisselt,base.be
2466,6700,Toernich,base.be
2467,6941,Tohogne,base.be
2468,1570,Tollembeek,base.be
2469,3700,Tongeren,base.be
2470,2260,Tongerlo (Antw.),base.be
2471,3960,Tongerlo (Limb.),base.be
2472,7951,Tongre-Notre-Dame,base.be
2473,7950,Tongre-Saint-Martin,base.be
2474,5140,Tongrinne,base.be
2475,6717,Tontelange,base.be
2476,6767,Torgny,base.be
2477,8820,Torhout,base.be
2478,4263,Tourinne (Lg.),base.be
2479,1320,Tourinnes-la-Grosse,base.be
2480,1457,Tourinnes-Saint-Lambert,base.be
2481,7500,Tournai,base.be
2482,6840,Tournay,base.be
2483,7904,Tourpes,base.be
2484,6890,Transinne,base.be
2485,6183,Trazegnies,base.be
2486,5670,Treignes,base.be
2487,4670,Trembleur,base.be
2488,3120,Tremelo,base.be
2489,7100,Trivières,base.be
2490,4280,Trognée,base.be
2491,4980,Trois-Ponts,base.be
2492,4870,Trooz,base.be
2493,1480,Tubize,base.be
2494,2300,Turnhout,base.be
2495,1180,Uccle,base.be
2496,6833,Ucimont,base.be
2497,3631,Uikhoven,base.be
2498,9290,Uitbergen,base.be
2499,8370,Uitkerke,base.be
2500,1180,Ukkel,base.be
2501,3832,Ulbeek,base.be
2502,5310,Upigny,base.be
2503,9910,Ursel,base.be
2504,3054,Vaalbeek,base.be
2505,3770,Val-Meer,base.be
2506,6741,Vance,base.be
2507,2431,Varendonk,base.be
2508,8490,Varsenare,base.be
2509,5680,Vaucelles,base.be
2510,7536,Vaulx (Tournai),base.be
2511,6462,Vaulx-lez-Chimay,base.be
2512,6960,Vaux-Chavanne,base.be
2513,4530,Vaux-et-Borset,base.be
2514,6640,Vaux-lez-Rosières,base.be
2515,4051,Vaux-sous-Chèvremont,base.be
2516,6640,Vaux-sur-Sûre,base.be
2517,3870,Vechmaal,base.be
2518,5020,Vedrin,base.be
2519,2431,Veerle,base.be
2520,7760,Velaines,base.be
2521,5060,Velaine-sur-Sambre,base.be
2522,8210,Veldegem,base.be
2523,3620,Veldwezelt,base.be
2524,7120,Vellereille-les-Brayeux,base.be
2525,7120,Vellereille-le-Sec,base.be
2526,3806,Velm,base.be
2527,4460,Velroux,base.be
2528,3020,Veltem-Beisem,base.be
2529,9620,Velzeke-Ruddershove,base.be
2530,5575,Vencimont,base.be
2531,6440,Vergnies,base.be
2532,4537,Verlaine,base.be
2533,5370,Verlée,base.be
2534,9130,Verrebroek,base.be
2535,3370,Vertrijk,base.be
2536,4800,Verviers,base.be
2537,6870,Vesqueville,base.be
2538,3870,Veulen,base.be
2539,8630,Veurne,base.be
2540,5300,Vezin,base.be
2541,7538,Vezon,base.be
2542,9500,Viane,base.be
2543,8570,Vichte,base.be
2544,6690,Vielsalm,base.be
2545,4317,Viemme,base.be
2546,2240,Viersel,base.be
2547,4577,Vierset-Barse,base.be
2548,5670,Vierves-sur-Viroin,base.be
2549,6230,Viesville,base.be
2550,1472,Vieux-Genappe,base.be
2551,4190,Vieuxville,base.be
2552,4530,Vieux-Waleffe,base.be
2553,6890,Villance,base.be
2554,4260,Ville-en-Hesbaye,base.be
2555,7322,Ville-Pommeroeul,base.be
2556,7334,Villerot,base.be
2557,4161,Villers-aux-Tours,base.be
2558,5630,Villers-Deux-Eglises,base.be
2559,6823,Villers-devant-Orval,base.be
2560,5600,Villers-en-Fagne,base.be
2561,6600,Villers-la-Bonne-Eau,base.be
2562,6769,Villers-la-Loue,base.be
2563,6460,Villers-la-Tour,base.be
2564,1495,Villers-la-Ville,base.be
2565,4530,Villers-le-Bouillet,base.be
2566,5600,Villers-le-Gambon,base.be
2567,4280,Villers-le-Peuplier,base.be
2568,4550,Villers-le-Temple,base.be
2569,4340,Villers-l'Evêque,base.be
2570,5080,Villers-lez-Heest,base.be
2571,7812,Villers-Notre-Dame,base.be
2572,6210,Villers-Perwin,base.be
2573,6280,Villers-Poterie,base.be
2574,7812,Villers-Saint-Amand,base.be
2575,6941,Villers-Sainte-Gertrude,base.be
2576,7031,Villers-Saint-Ghislain,base.be
2577,4453,Villers-Saint-Siméon,base.be
2578,5580,Villers-sur-Lesse,base.be
2579,6740,Villers-sur-Semois,base.be
2580,7021,Ville-sur-Haine (Mons),base.be
2581,7070,Ville-sur-Haine(Le Roeulx),base.be
2582,1800,Vilvoorde,base.be
2583,4520,Vinalmont,base.be
2584,9921,Vinderhoute,base.be
2585,8630,Vinkem,base.be
2586,9800,Vinkt,base.be
2587,6461,Virelles,base.be
2588,1460,Virginal-Samme,base.be
2589,5670,Viroinval,base.be
2590,6760,Virton,base.be
2591,4600,Visé,base.be
2592,3300,Vissenaken,base.be
2593,5070,Vitrival,base.be
2594,4683,Vivegnis,base.be
2595,6833,Vivy,base.be
2596,8600,Vladslo,base.be
2597,8908,Vlamertinge,base.be
2598,9420,Vlekkem,base.be
2599,8640,Vleteren,base.be
2600,1602,Vlezenbeek,base.be
2601,3724,Vliermaal,base.be
2602,3721,Vliermaalroot,base.be
2603,9520,Vlierzele,base.be
2604,3770,Vlijtingen,base.be
2605,2340,Vlimmeren,base.be
2606,8421,Vlissegem,base.be
2607,7880,Vloesberg,base.be
2608,5600,Vodecée,base.be
2609,5680,Vodelée,base.be
2610,3790,Voeren,base.be
2611,5650,Vogenée,base.be
2612,9700,Volkegem,base.be
2613,1570,Vollezele,base.be
2614,5570,Vonêche,base.be
2615,9400,Voorde,base.be
2616,8902,Voormezele,base.be
2617,3840,Voort,base.be
2618,4347,Voroux-Goreux,base.be
2619,4451,Voroux-lez-Liers,base.be
2620,2290,Vorselaar,base.be
2621,3890,Vorsen,base.be
2622,1190,Vorst,base.be
2623,2430,Vorst (Kempen),base.be
2624,2350,Vosselaar,base.be
2625,9850,Vosselare,base.be
2626,3080,Vossem,base.be
2627,4041,Vottem,base.be
2628,9120,Vrasene,base.be
2629,2531,Vremde,base.be
2630,3700,Vreren,base.be
2631,5550,Vresse-sur-Semois,base.be
2632,3770,Vroenhoven,base.be
2633,3630,Vucht,base.be
2634,9890,Vurste,base.be
2635,4570,Vyle-et-Tharoul,base.be
2636,3473,Waanrode,base.be
2637,9506,Waarbeke,base.be
2638,8020,Waardamme,base.be
2639,2550,Waarloos,base.be
2640,8581,Waarmaarde,base.be
2641,9950,Waarschoot,base.be
2642,3401,Waasmont,base.be
2643,9250,Waasmunster,base.be
2644,7784,Waasten,base.be
2645,9185,Wachtebeke,base.be
2646,7971,Wadelincourt,base.be
2647,6223,Wagnelée,base.be
2648,6900,Waha,base.be
2649,5377,Waillet,base.be
2650,4950,Waimes,base.be
2651,8720,Wakken,base.be
2652,5650,Walcourt,base.be
2653,2800,Walem,base.be
2654,1457,Walhain,base.be
2655,1457,Walhain-Saint-Paul,base.be
2656,4711,Walhorn,base.be
2657,3401,Walsbets,base.be
2658,3401,Walshoutem,base.be
2659,3740,Waltwilder,base.be
2660,1741,Wambeek,base.be
2661,5570,Wancennes,base.be
2662,4020,Wandre,base.be
2663,6224,Wanfercée-Baulet,base.be
2664,3400,Wange,base.be
2665,6220,Wangenies,base.be
2666,5564,Wanlin,base.be
2667,4980,Wanne,base.be
2668,7861,Wannebecq,base.be
2669,9772,Wannegem-Lede,base.be
2670,4280,Wansin,base.be
2671,4520,Wanze,base.be
2672,9340,Wanzele,base.be
2673,7548,Warchin,base.be
2674,7740,Warcoing,base.be
2675,6600,Wardin,base.be
2676,8790,Waregem,base.be
2677,4300,Waremme,base.be
2678,5310,Waret-la-Chaussée,base.be
2679,4217,Waret-l'Evêque,base.be
2680,5080,Warisoulx,base.be
2681,5537,Warnant,base.be
2682,4530,Warnant-Dreye,base.be
2683,7784,Warneton,base.be
2684,7340,Warquignies,base.be
2685,4608,Warsage,base.be
2686,4590,Warzée,base.be
2687,7340,Wasmes,base.be
2688,7604,Wasmes-Audemez-Briffoeil,base.be
2689,7390,Wasmuel,base.be
2690,4219,Wasseiges,base.be
2691,9988,Waterland-Oudeman,base.be
2692,1410,Waterloo,base.be
2693,1170,Watermaal-Bosvoorde,base.be
2694,1170,Watermael-Boitsfort,base.be
2695,9988,Watervliet,base.be
2696,8978,Watou,base.be
2697,7910,Wattripont,base.be
2698,7131,Waudrez,base.be
2699,5540,Waulsort,base.be
2700,1440,Wauthier-Braine,base.be
2701,1300,Wavre,base.be
2702,5580,Wavreille,base.be
2703,6210,Wayaux,base.be
2704,1474,Ways,base.be
2705,3290,Webbekom,base.be
2706,2275,Wechelderzande,base.be
2707,2381,Weelde,base.be
2708,1982,Weerde,base.be
2709,2880,Weert,base.be
2710,4860,Wegnez,base.be
2711,5523,Weillen,base.be
2712,4950,Weismes,base.be
2713,9700,Welden,base.be
2714,4840,Welkenraedt,base.be
2715,9473,Welle,base.be
2716,3830,Wellen,base.be
2717,6920,Wellin,base.be
2718,1780,Wemmel,base.be
2719,8420,Wenduine,base.be
2720,5100,Wépion,base.be
2721,4190,Werbomont,base.be
2722,3118,Werchter,base.be
2723,6940,Wéris,base.be
2724,8610,Werken,base.be
2725,3730,Werm,base.be
2726,8940,Wervik,base.be
2727,3150,Wespelaar,base.be
2728,8434,Westende,base.be
2729,2260,Westerlo,base.be
2730,8300,Westkapelle,base.be
2731,8460,Westkerke,base.be
2732,2390,Westmalle,base.be
2733,2235,Westmeerbeek,base.be
2734,8954,Westouter,base.be
2735,9230,Westrem,base.be
2736,8840,Westrozebeke,base.be
2737,8640,Westvleteren,base.be
2738,9230,Wetteren,base.be
2739,8560,Wevelgem,base.be
2740,3111,Wezemaal,base.be
2741,1970,Wezembeek-Oppem,base.be
2742,3401,Wezeren,base.be
2743,7620,Wez-Velvain,base.be
2744,6666,Wibrin,base.be
2745,9260,Wichelen,base.be
2746,3700,Widooie,base.be
2747,2222,Wiekevorst,base.be
2748,8710,Wielsbeke,base.be
2749,5100,Wierde,base.be
2750,7608,Wiers,base.be
2751,5571,Wiesme,base.be
2752,9280,Wieze,base.be
2753,7370,Wihéries,base.be
2754,4452,Wihogne,base.be
2755,3990,Wijchmaal,base.be
2756,3850,Wijer,base.be
2757,3018,Wijgmaal (Bt.),base.be
2758,2110,Wijnegem,base.be
2759,3670,Wijshagen,base.be
2760,8953,Wijtschate,base.be
2761,3803,Wilderen,base.be
2762,7904,Willaupuis,base.be
2763,3370,Willebringen,base.be
2764,2830,Willebroek,base.be
2765,7506,Willemeau,base.be
2766,5575,Willerzie,base.be
2767,2610,Wilrijk (Antwerpen),base.be
2768,3012,Wilsele,base.be
2769,8431,Wilskerke,base.be
2770,3501,Wimmertingen,base.be
2771,5570,Winenne,base.be
2772,8750,Wingene,base.be
2773,3020,Winksele,base.be
2774,3722,Wintershoven,base.be
2775,6860,Witry,base.be
2776,7890,Wodecq,base.be
2777,8640,Woesten,base.be
2778,6780,Wolkrange,base.be
2779,1200,Woluwé-Saint-Lambert,base.be
2780,1150,Woluwé-Saint-Pierre,base.be
2781,1861,Wolvertem,base.be
2782,2160,Wommelgem,base.be
2783,3350,Wommersom,base.be
2784,4690,Wonck,base.be
2785,9032,Wondelgem,base.be
2786,9800,Wontergem,base.be
2787,9790,Wortegem,base.be
2788,9790,Wortegem-Petegem,base.be
2789,2323,Wortel,base.be
2790,9550,Woubrechtegem,base.be
2791,8600,Woumen,base.be
2792,8670,Wulpen,base.be
2793,8952,Wulvergem,base.be
2794,8630,Wulveringem,base.be
2795,2990,Wuustwezel,base.be
2796,4652,Xhendelesse,base.be
2797,4432,Xhendremael,base.be
2798,4190,Xhoris,base.be
2799,4550,Yernée-Fraineux,base.be
2800,5650,Yves-Gomezée,base.be
2801,5530,Yvoir,base.be
2802,9080,Zaffelare,base.be
2803,9506,Zandbergen,base.be
2804,8680,Zande,base.be
2805,2240,Zandhoven,base.be
2806,2040,Zandvliet,base.be
2807,8400,Zandvoorde (Oostende),base.be
2808,8980,Zandvoorde (Zonnebeke),base.be
2809,9500,Zarlardinge,base.be
2810,8610,Zarren,base.be
2811,1930,Zaventem,base.be
2812,8210,Zedelgem,base.be
2813,8380,Zeebrugge (Brugge),base.be
2814,9660,Zegelsem,base.be
2815,9240,Zele,base.be
2816,3545,Zelem,base.be
2817,1731,Zellik,base.be
2818,9060,Zelzate,base.be
2819,1980,Zemst,base.be
2820,3800,Zepperen,base.be
2821,8490,Zerkegem,base.be
2822,1370,Zétrud-Lumay,base.be
2823,8470,Zevekote,base.be
2824,9080,Zeveneken,base.be
2825,9800,Zeveren,base.be
2826,9840,Zevergem,base.be
2827,3271,Zichem,base.be
2828,3770,Zichen-Zussen-Bolder,base.be
2829,8902,Zillebeke,base.be
2830,9750,Zingem,base.be
2831,2260,Zoerle-Parwijs,base.be
2832,2980,Zoersel,base.be
2833,3550,Zolder,base.be
2834,9930,Zomergem,base.be
2835,3520,Zonhoven,base.be
2836,8980,Zonnebeke,base.be
2837,9520,Zonnegem,base.be
2838,9620,Zottegem,base.be
2839,8630,Zoutenaaie,base.be
2840,3440,Zoutleeuw,base.be
2841,8904,Zuidschote,base.be
2842,8377,Zuienkerke,base.be
2843,9870,Zulte,base.be
2844,9690,Zulzeke,base.be
2845,3690,Zutendaal,base.be
2846,9630,Zwalm,base.be
2847,8550,Zwevegem,base.be
2848,8750,Zwevezele,base.be
2849,9052,Zwijnaarde,base.be
2850,2070,Zwijndrecht,base.be
